id,transaction_id,category_id,amount,percentage,belief_tag,chart_of_account_id,inserted_at,description,user_id
0133265c-0deb-4c96-9e48-cad08f3b66a4,12b99fa9-6b91-4528-9233-be1a2b748c20,,17.99,30.00,,7a44a6dc-687c-4bc2-8685-d69249f79c72,2025-12-03 20:51:50.594004+00,,d293575a-98b3-4287-b308-01a4f6299080
01671dd6-16ee-4860-9022-fa326bb0bf7c,cd75d9ae-91c8-45a6-8a49-78a101392681,,34.02,80.00,,9f166818-76ea-4b10-9af7-8a75c5353acb,2025-12-03 20:52:33.813603+00,Groceries,d293575a-98b3-4287-b308-01a4f6299080
01c2b7e4-4b43-42ff-9e59-08140c8aa07e,b3f0d5bc-8bca-4213-87ff-47c22939ff8b,,22.37,30.00,,7a44a6dc-687c-4bc2-8685-d69249f79c72,2025-12-03 20:52:27.467385+00,,d293575a-98b3-4287-b308-01a4f6299080
023af478-abb0-4da9-87ce-6e3019333022,e8e65946-d21b-40a8-bc1b-65e44b5250fe,,16.47,100.00,,306a669c-6bd9-4b68-b7a1-7598dc3e5785,2025-12-03 20:51:54.34637+00,household items,d293575a-98b3-4287-b308-01a4f6299080
02646626-6772-42c4-9f25-c84a503ee002,8e204a6d-9563-4fc3-ba3d-e32ba895a1d4,,9.87,20.00,,7a44a6dc-687c-4bc2-8685-d69249f79c72,2025-12-03 20:51:40.09461+00,Household Groceries,d293575a-98b3-4287-b308-01a4f6299080
028d92a5-fd20-44dd-9a15-a4c19d2e266f,66241476-fb8a-4a67-9cea-e31cffae74d4,,12.43,10.00,,5d9596b8-b071-4a2c-b578-76192a3c290e,2025-12-03 20:52:23.694726+00,,d293575a-98b3-4287-b308-01a4f6299080
03a1b117-5ce4-4b4b-a62a-2e24c79f09db,1efb40dd-7c82-47c5-99df-663eb7012687,,63.80,80.00,,9f166818-76ea-4b10-9af7-8a75c5353acb,2025-12-03 20:52:12.589048+00,Groceries,d293575a-98b3-4287-b308-01a4f6299080
054da2cc-a62a-4a93-8b45-efd13c2b124a,ced4bedd-8b01-4d7b-b0ec-c9a3e15bb0af,,86.70,80.00,,9f166818-76ea-4b10-9af7-8a75c5353acb,2025-12-03 20:52:34.269892+00,Groceries,d293575a-98b3-4287-b308-01a4f6299080
06a60a28-d8b1-44e4-bf9f-614d68010e05,65d7bdc4-c9ee-4c84-99da-1b6c9332e5f4,,16.17,100.00,,306a669c-6bd9-4b68-b7a1-7598dc3e5785,2025-12-04 14:26:02.291023+00,,d293575a-98b3-4287-b308-01a4f6299080
07c03688-02f6-4921-9e2d-6be705911fa4,b5fe4e8a-b8b6-4235-99b9-41c3ca3f80a0,,5.65,20.00,,7a44a6dc-687c-4bc2-8685-d69249f79c72,2025-12-03 20:52:09.979666+00,Household Groceries,d293575a-98b3-4287-b308-01a4f6299080
090c170e-72eb-4793-a959-b458bb176705,070452fc-5213-4cab-b711-89a606e5a938,,0.37,10.00,,5d9596b8-b071-4a2c-b578-76192a3c290e,2025-12-03 20:51:33.449487+00,,d293575a-98b3-4287-b308-01a4f6299080
0c02c989-4eec-4eea-a4bc-717e67b98313,3bd6f830-54af-49e1-9646-c8634bcf8ff0,,2.94,10.00,,d8bc9a20-9f03-4cc8-8d33-3a12bcd04362,2025-12-03 20:51:32.487069+00,,d293575a-98b3-4287-b308-01a4f6299080
0d193f96-9bd6-4881-8cee-1837e7d8776b,5847e424-79a0-44a1-b333-ddf38d7d396f,,39.55,10.00,,5d9596b8-b071-4a2c-b578-76192a3c290e,2025-12-03 20:51:34.394767+00,,d293575a-98b3-4287-b308-01a4f6299080
0dddd7af-55e2-4b97-9101-28bd84ce7079,223cb50a-c53c-4b53-9ad3-532ae2592e14,,54.95,50.00,,cd2129d9-2a16-452e-b3f5-e295c1a4c601,2025-12-03 20:52:42.102177+00,,d293575a-98b3-4287-b308-01a4f6299080
0e8b1f06-2c39-4e10-8e54-f1826caa5268,8ec5dfce-1328-4c38-a307-3bf8d1e67066,,41.96,20.00,,7a44a6dc-687c-4bc2-8685-d69249f79c72,2025-12-03 20:52:10.497538+00,Household Groceries,d293575a-98b3-4287-b308-01a4f6299080
0eb07b12-5960-47f2-b754-42efc8d5259a,98c4aec6-35b7-4259-99b5-fa2cdeb2dacd,,8.02,80.00,,9f166818-76ea-4b10-9af7-8a75c5353acb,2025-12-03 20:52:36.357996+00,Groceries,d293575a-98b3-4287-b308-01a4f6299080
0ed50852-0a99-43b7-9cf4-adf3d6192fc6,d40076a8-ed85-47fe-9490-144768292760,,3.12,20.00,,7a44a6dc-687c-4bc2-8685-d69249f79c72,2025-12-03 20:51:38.128731+00,Household Groceries,d293575a-98b3-4287-b308-01a4f6299080
0f1c25ee-8114-447c-ae26-4a855726454d,08105421-0d16-4ae6-8f5d-2865c57b3adc,,13.56,30.00,,7a44a6dc-687c-4bc2-8685-d69249f79c72,2025-12-03 20:51:55.848446+00,,d293575a-98b3-4287-b308-01a4f6299080
0fb1e6af-20cf-4c43-a48e-661f6f4534f0,241b15bf-df2c-46ec-9651-f555cb8a95e2,,6.10,10.00,,d8bc9a20-9f03-4cc8-8d33-3a12bcd04362,2025-12-03 20:51:53.120391+00,,d293575a-98b3-4287-b308-01a4f6299080
0fbfa964-bce3-4aae-bede-24353e883c54,c6b01319-15ca-40da-92d8-86477cf964d4,,8.81,30.00,,7a44a6dc-687c-4bc2-8685-d69249f79c72,2025-12-03 20:51:35.598307+00,,d293575a-98b3-4287-b308-01a4f6299080
119c6a91-8863-490c-a511-85338ba86242,c1f51674-e062-46a0-9727-6ba0f775a744,,1.83,50.00,,cd2129d9-2a16-452e-b3f5-e295c1a4c601,2025-12-03 20:52:35.734127+00,,d293575a-98b3-4287-b308-01a4f6299080
11fbf5fd-2728-44de-8e5e-b7af6d2b5106,15b200ee-8c99-4f48-a15d-a3d046e73f87,,230.48,50.00,,cd2129d9-2a16-452e-b3f5-e295c1a4c601,2025-12-03 20:52:19.227604+00,,d293575a-98b3-4287-b308-01a4f6299080
12203e81-6b24-4eff-b59e-c86e39395893,1dfaae36-6f96-4ef2-9453-433346bb8a59,,27.31,20.00,,7a44a6dc-687c-4bc2-8685-d69249f79c72,2025-12-03 20:52:09.447192+00,Household Groceries,d293575a-98b3-4287-b308-01a4f6299080
12711892-5960-4217-97fa-a6c352a1899b,0de127ad-b8c0-4af9-8d6a-bca3af0b7044,,24.29,30.00,,7a44a6dc-687c-4bc2-8685-d69249f79c72,2025-12-03 20:52:25.881117+00,,d293575a-98b3-4287-b308-01a4f6299080
12834a7d-a459-408e-9df3-aa71cd061137,53daa494-d56d-4436-905f-d96fc81f1e6c,,0.99,20.00,,7a44a6dc-687c-4bc2-8685-d69249f79c72,2025-12-03 20:52:25.553232+00,Household Groceries,d293575a-98b3-4287-b308-01a4f6299080
14454414-0a55-44b3-a31a-fa09d6eda5e4,77966ea7-7d07-43e5-81b6-75b058cb3cd3,,22.26,10.00,,5d9596b8-b071-4a2c-b578-76192a3c290e,2025-12-03 20:51:47.747199+00,,d293575a-98b3-4287-b308-01a4f6299080
154f6f2c-885c-458f-8718-a36f38f78ea1,5bd13aaa-f456-4c25-802e-435b054ac436,,14.69,10.00,,5d9596b8-b071-4a2c-b578-76192a3c290e,2025-12-03 20:52:18.721493+00,,d293575a-98b3-4287-b308-01a4f6299080
16942380-0765-449f-9edc-8ca73bc10964,8118f3c5-1bb4-49cf-b3e2-d32d98c5c40f,,5.91,80.00,,9f166818-76ea-4b10-9af7-8a75c5353acb,2025-12-03 20:52:31.881179+00,Groceries,d293575a-98b3-4287-b308-01a4f6299080
174aea11-5bad-4e06-b716-f26c6620c24e,2f2356a7-a75a-4bf3-b9ee-c2b0712635ea,,27.11,30.00,,7a44a6dc-687c-4bc2-8685-d69249f79c72,2025-12-03 20:51:55.126139+00,,d293575a-98b3-4287-b308-01a4f6299080
182d6cb8-c70c-4db9-a3a5-1b55445a1cad,66241476-fb8a-4a67-9cea-e31cffae74d4,,37.28,30.00,,7a44a6dc-687c-4bc2-8685-d69249f79c72,2025-12-03 20:52:23.25609+00,,d293575a-98b3-4287-b308-01a4f6299080
18740897-b94d-4b50-a51d-dd963e51b75f,b89ce5ca-c0af-452b-a745-188bbcc98877,,3.54,20.00,,7a44a6dc-687c-4bc2-8685-d69249f79c72,2025-12-03 20:51:57.303983+00,Household Groceries,d293575a-98b3-4287-b308-01a4f6299080
18ed1417-eee7-4358-be3a-4b175354e52e,2073a85a-a675-45ea-a9e3-54994fb9954c,,29.82,80.00,,9f166818-76ea-4b10-9af7-8a75c5353acb,2025-12-03 20:51:40.428186+00,Groceries,d293575a-98b3-4287-b308-01a4f6299080
19508328-562a-428e-bd0f-2e463bfd21df,5bd13aaa-f456-4c25-802e-435b054ac436,,44.07,30.00,,7a44a6dc-687c-4bc2-8685-d69249f79c72,2025-12-03 20:52:18.314807+00,,d293575a-98b3-4287-b308-01a4f6299080
1a8f742c-6a54-400e-a842-f89e2baea6e8,7760a619-8bef-4df4-8e15-6a4cd0244617,,107.99,50.00,,cd2129d9-2a16-452e-b3f5-e295c1a4c601,2025-12-03 20:51:31.470891+00,,d293575a-98b3-4287-b308-01a4f6299080
1acc10cf-c56a-4a0f-92bb-287618664c30,cccdc5b7-9ea9-46f3-be20-dcf1a6dfe237,,3.79,20.00,,7a44a6dc-687c-4bc2-8685-d69249f79c72,2025-12-03 20:51:38.612301+00,Household Groceries,d293575a-98b3-4287-b308-01a4f6299080
1afbe560-d53b-4659-98ad-3ed4ef455a93,1efb40dd-7c82-47c5-99df-663eb7012687,,15.95,20.00,,7a44a6dc-687c-4bc2-8685-d69249f79c72,2025-12-03 20:52:12.747921+00,Household Groceries,d293575a-98b3-4287-b308-01a4f6299080
1b66adb8-baf0-4c9d-88bd-b3153af63cb2,fa65f072-c77d-4caa-97a7-0e952c276041,,33.86,80.00,,9f166818-76ea-4b10-9af7-8a75c5353acb,2025-12-03 20:51:51.725009+00,Groceries,d293575a-98b3-4287-b308-01a4f6299080
1bd2be50-d7dc-4823-9022-86b587b06aa4,31ca43e7-1bdf-4ccf-9b08-138bcc0968fa,,3.55,20.00,,7a44a6dc-687c-4bc2-8685-d69249f79c72,2025-12-03 20:51:42.490171+00,Household Groceries,d293575a-98b3-4287-b308-01a4f6299080
1bff3dff-8775-4c18-85be-cca0a87d0115,f4a3b9b9-5f5e-4a91-845d-ed1cfc880d55,,22.90,10.00,,5d9596b8-b071-4a2c-b578-76192a3c290e,2025-12-03 20:52:29.125616+00,,d293575a-98b3-4287-b308-01a4f6299080
1ca02b10-d571-4f23-aca7-717bc9e710f3,15b200ee-8c99-4f48-a15d-a3d046e73f87,,46.10,10.00,,d8bc9a20-9f03-4cc8-8d33-3a12bcd04362,2025-12-03 20:52:19.358526+00,,d293575a-98b3-4287-b308-01a4f6299080
1d568472-202b-4395-88fc-f638fd0bd81e,cb062f92-8048-4b53-a756-1af54e16ba35,,50.52,50.00,,cd2129d9-2a16-452e-b3f5-e295c1a4c601,2025-12-03 20:52:08.1135+00,,d293575a-98b3-4287-b308-01a4f6299080
1ef73594-daa1-465e-b97a-5de4ef958c7b,fb636b3b-6047-45fd-ad60-3da9a8963597,,11.14,10.00,,5d9596b8-b071-4a2c-b578-76192a3c290e,2025-12-03 20:52:02.415296+00,,d293575a-98b3-4287-b308-01a4f6299080
224c1818-86b3-4a7b-9ffe-912212342d2f,32314e71-2564-41cf-a9dd-36c1621169a7,,15.15,80.00,,9f166818-76ea-4b10-9af7-8a75c5353acb,2025-12-03 20:51:38.913091+00,Groceries,d293575a-98b3-4287-b308-01a4f6299080
226a23e7-96ea-4133-b2fb-7668eb2e39c4,5ee50922-dc57-48e5-a9eb-025ab7819398,,109.20,80.00,,9f166818-76ea-4b10-9af7-8a75c5353acb,2025-12-03 20:51:57.960759+00,Groceries,d293575a-98b3-4287-b308-01a4f6299080
226e6ae1-3629-4ddb-b5d8-9cbf815d59d2,e48547a4-216c-4ddb-8bef-27edb0ca3299,,3.39,10.00,,5d9596b8-b071-4a2c-b578-76192a3c290e,2025-12-03 20:52:20.250473+00,,d293575a-98b3-4287-b308-01a4f6299080
235bc369-2762-41e3-8783-73b5492a2681,2f2356a7-a75a-4bf3-b9ee-c2b0712635ea,,9.04,10.00,,5d9596b8-b071-4a2c-b578-76192a3c290e,2025-12-03 20:51:55.560648+00,,d293575a-98b3-4287-b308-01a4f6299080
237693c5-7eab-47f6-a52e-9f709bb76246,7af2d100-111f-4c25-b707-79ff45469947,,21.90,30.00,,7a44a6dc-687c-4bc2-8685-d69249f79c72,2025-12-03 20:52:29.444963+00,,d293575a-98b3-4287-b308-01a4f6299080
23a5384e-74e5-4e5c-950a-62d54a3f4f01,223cb50a-c53c-4b53-9ad3-532ae2592e14,,10.99,10.00,,d8bc9a20-9f03-4cc8-8d33-3a12bcd04362,2025-12-03 20:52:42.236763+00,,d293575a-98b3-4287-b308-01a4f6299080
257865e5-822a-4200-9dca-de5ea99efac1,d2ed9787-887b-4c5b-bbb5-609d05c24870,,27.12,100.00,,306a669c-6bd9-4b68-b7a1-7598dc3e5785,2025-12-04 14:26:08.095528+00,,d293575a-98b3-4287-b308-01a4f6299080
25bb2e0c-3c79-4d2d-9c73-69cc86d91d0f,8505196f-0e26-444c-863c-20fb26114fc5,,93.43,100.00,,306a669c-6bd9-4b68-b7a1-7598dc3e5785,2025-12-03 20:52:22.922306+00,household items,d293575a-98b3-4287-b308-01a4f6299080
269c39d3-1319-44e2-a4fc-48a98706ce28,4764b166-7ae9-4719-a41f-585ffc97db64,,36.28,10.00,,5d9596b8-b071-4a2c-b578-76192a3c290e,2025-12-03 20:52:24.464368+00,,d293575a-98b3-4287-b308-01a4f6299080
27e159a1-274d-4ea4-974d-ec2e3ba0c50e,1d85fb9d-54c1-4a18-8f83-c666452b245c,,65.40,80.00,,9f166818-76ea-4b10-9af7-8a75c5353acb,2025-12-03 20:51:49.619339+00,Groceries,d293575a-98b3-4287-b308-01a4f6299080
281e8915-7aa2-404b-bddb-805fb22a641b,77966ea7-7d07-43e5-81b6-75b058cb3cd3,,111.28,50.00,,cd2129d9-2a16-452e-b3f5-e295c1a4c601,2025-12-03 20:51:47.443728+00,,d293575a-98b3-4287-b308-01a4f6299080
287cdab5-00eb-4380-bba9-bf2e5a484b0c,54e90671-7059-4d46-b17d-2c2700b63dda,,4.52,10.00,,d8bc9a20-9f03-4cc8-8d33-3a12bcd04362,2025-12-03 20:52:30.473556+00,,d293575a-98b3-4287-b308-01a4f6299080
2a492d24-8bac-465c-930c-cf10fae5b571,2c2673b3-bbdf-4c77-9fe6-46448866d2c1,,21.12,20.00,,7a44a6dc-687c-4bc2-8685-d69249f79c72,2025-12-03 20:52:21.643066+00,Household Groceries,d293575a-98b3-4287-b308-01a4f6299080
2a716974-b5d5-4e29-9244-3112429bbb1a,dda6d19c-f83f-477a-8784-7c25231c7d32,,152.55,30.00,,7a44a6dc-687c-4bc2-8685-d69249f79c72,2025-12-03 20:51:48.082305+00,,d293575a-98b3-4287-b308-01a4f6299080
2cf7c02f-f658-48a3-82ad-ba3d2766fc05,dd16391f-a9c7-4f9e-a6db-53270eee5552,,11.31,80.00,,9f166818-76ea-4b10-9af7-8a75c5353acb,2025-12-03 20:51:43.307017+00,Groceries,d293575a-98b3-4287-b308-01a4f6299080
2d2af11f-54bf-423d-8a86-be30980a7cea,93c1da89-177a-47f5-aae9-1479ec4b694e,,5.85,20.00,,7a44a6dc-687c-4bc2-8685-d69249f79c72,2025-12-03 20:51:58.662588+00,Household Groceries,d293575a-98b3-4287-b308-01a4f6299080
2f302544-7f41-4f83-8d1f-99c35f3f7195,f6327c86-be24-433e-ab91-6799934cd970,,82.62,80.00,,9f166818-76ea-4b10-9af7-8a75c5353acb,2025-12-03 20:51:43.781+00,Groceries,d293575a-98b3-4287-b308-01a4f6299080
2f74c215-fb97-4d52-8840-7b37f68a0388,141674c2-69d5-427d-ae94-4b64dd278e00,,12.34,50.00,,cd2129d9-2a16-452e-b3f5-e295c1a4c601,2025-12-03 20:51:52.278225+00,,d293575a-98b3-4287-b308-01a4f6299080
2f80b77f-f8c9-45da-9b47-704a29bf24e5,23369795-0ffd-48aa-860a-65330ff46747,,3.12,20.00,,7a44a6dc-687c-4bc2-8685-d69249f79c72,2025-12-03 20:32:24.295085+00,Household Groceries,d293575a-98b3-4287-b308-01a4f6299080
2fc32ad4-8835-4ccc-acf4-a6cd97ba2cf1,16f75396-4cab-4fb4-ae53-c6404cda0e3c,,36.73,100.00,,306a669c-6bd9-4b68-b7a1-7598dc3e5785,2025-12-04 14:26:18.844597+00,,d293575a-98b3-4287-b308-01a4f6299080
3096f4ec-37c5-46db-a042-2af82898f300,47c25646-01d3-4297-a12e-d8a652efc8f5,,13.65,10.00,,5d9596b8-b071-4a2c-b578-76192a3c290e,2025-12-03 20:51:44.680918+00,,d293575a-98b3-4287-b308-01a4f6299080
31192311-6842-4317-a478-3382b095fd37,0de127ad-b8c0-4af9-8d6a-bca3af0b7044,,8.10,10.00,,d8bc9a20-9f03-4cc8-8d33-3a12bcd04362,2025-12-03 20:52:26.203393+00,,d293575a-98b3-4287-b308-01a4f6299080
3289ac97-a5a1-41ee-a0d2-429175d52995,00bdc499-82ae-4644-96e0-da8aa53445d5,,4.08,80.00,,9f166818-76ea-4b10-9af7-8a75c5353acb,2025-12-03 20:52:05.005024+00,Groceries,d293575a-98b3-4287-b308-01a4f6299080
3297350d-791b-434f-bd46-b062326ca356,ff6eec9b-e4ec-4b78-abaa-9acc0d4695bd,,2.03,20.00,,7a44a6dc-687c-4bc2-8685-d69249f79c72,2025-12-03 20:52:40.225057+00,Household Groceries,d293575a-98b3-4287-b308-01a4f6299080
33576b56-8fcd-4f12-91f0-66959f004e02,77966ea7-7d07-43e5-81b6-75b058cb3cd3,,66.77,30.00,,7a44a6dc-687c-4bc2-8685-d69249f79c72,2025-12-03 20:51:47.315705+00,,d293575a-98b3-4287-b308-01a4f6299080
34af4b3d-8b81-434e-8ac9-1de2b4c911fa,5f5758f7-4c61-4f03-b098-52b89f47a83b,,3.23,100.00,,306a669c-6bd9-4b68-b7a1-7598dc3e5785,2025-12-03 20:52:33.472832+00,household items,d293575a-98b3-4287-b308-01a4f6299080
34c3152d-f5f5-491b-a670-1ac8dd345823,f4a3b9b9-5f5e-4a91-845d-ed1cfc880d55,,22.90,10.00,,d8bc9a20-9f03-4cc8-8d33-3a12bcd04362,2025-12-03 20:52:28.987468+00,,d293575a-98b3-4287-b308-01a4f6299080
35af5a42-9cc3-4728-9cf1-66d4d95aaf2c,cf9af6c6-b3c7-47dc-a403-7ca8d2dd33b5,,39.41,80.00,,9f166818-76ea-4b10-9af7-8a75c5353acb,2025-12-03 20:51:51.280418+00,Groceries,d293575a-98b3-4287-b308-01a4f6299080
360b8ae8-c945-4253-af5f-57a13ecbaa36,fa65f072-c77d-4caa-97a7-0e952c276041,,8.47,20.00,,7a44a6dc-687c-4bc2-8685-d69249f79c72,2025-12-03 20:51:51.861914+00,Household Groceries,d293575a-98b3-4287-b308-01a4f6299080
3648976b-a2b8-44c4-9c16-e92fca8da2b0,6ea2b0b1-3e74-4e04-b5db-0fb977eb926c,,14.57,30.00,,7a44a6dc-687c-4bc2-8685-d69249f79c72,2025-12-03 20:51:53.565924+00,,d293575a-98b3-4287-b308-01a4f6299080
36d812c1-8edd-4c24-ba1d-aa2528b21ca1,e48547a4-216c-4ddb-8bef-27edb0ca3299,,3.39,10.00,,d8bc9a20-9f03-4cc8-8d33-3a12bcd04362,2025-12-03 20:52:20.104331+00,,d293575a-98b3-4287-b308-01a4f6299080
373c9748-66e3-462e-82f9-b85329e24ffa,1dfaae36-6f96-4ef2-9453-433346bb8a59,,109.24,80.00,,9f166818-76ea-4b10-9af7-8a75c5353acb,2025-12-03 20:52:09.303462+00,Groceries,d293575a-98b3-4287-b308-01a4f6299080
385a851b-4350-4476-b185-ffa3cb08288e,91bc4ec6-48a7-4b34-82cf-1e938d5ff8c0,,86.79,80.00,,9f166818-76ea-4b10-9af7-8a75c5353acb,2025-12-03 20:52:24.915755+00,Groceries,d293575a-98b3-4287-b308-01a4f6299080
38d31a8c-f058-431d-b6b0-5fe2a159b603,7760a619-8bef-4df4-8e15-6a4cd0244617,,64.79,30.00,,7a44a6dc-687c-4bc2-8685-d69249f79c72,2025-12-03 20:51:31.315718+00,,d293575a-98b3-4287-b308-01a4f6299080
39174f67-13fb-443f-84b2-897787530fd1,a7b8e697-d967-4e0c-842e-9d2660110c77,,44.07,30.00,,7a44a6dc-687c-4bc2-8685-d69249f79c72,2025-12-03 20:51:48.885292+00,,d293575a-98b3-4287-b308-01a4f6299080
397d5baf-c268-4fdd-8f5e-f92180c99848,4f9ed648-e3eb-4177-8c98-8601b579d702,,4.52,80.00,,9f166818-76ea-4b10-9af7-8a75c5353acb,2025-12-03 20:52:30.917913+00,Groceries,d293575a-98b3-4287-b308-01a4f6299080
3ad0582f-3e58-45e3-8f1f-2a1d87213cf2,404504e3-33a5-4eba-aaeb-08d6a6f178b8,,17.52,20.00,,7a44a6dc-687c-4bc2-8685-d69249f79c72,2025-12-03 20:52:39.217809+00,Household Groceries,d293575a-98b3-4287-b308-01a4f6299080
3c2a0ccf-2163-4e42-ba7e-3b5427928652,cdb934d5-eabc-43f0-8fd4-3eb7866c481e,,59.57,80.00,,9f166818-76ea-4b10-9af7-8a75c5353acb,2025-12-03 20:52:13.074224+00,Groceries,d293575a-98b3-4287-b308-01a4f6299080
3d4d8487-3d26-4be8-9844-71f2b4d90b08,ab5ed0b3-7f59-46af-b5fd-38f73014b930,,9.56,10.00,,5d9596b8-b071-4a2c-b578-76192a3c290e,2025-12-03 20:52:11.784285+00,,d293575a-98b3-4287-b308-01a4f6299080
3d5342a3-d328-4c3b-a4d4-b9e308fd6c17,6ea2b0b1-3e74-4e04-b5db-0fb977eb926c,,4.86,10.00,,5d9596b8-b071-4a2c-b578-76192a3c290e,2025-12-03 20:51:54.044055+00,,d293575a-98b3-4287-b308-01a4f6299080
3e68019d-5b8b-4f33-8ebe-284b5ae990d2,dda6d19c-f83f-477a-8784-7c25231c7d32,,50.85,10.00,,5d9596b8-b071-4a2c-b578-76192a3c290e,2025-12-03 20:51:48.538559+00,,d293575a-98b3-4287-b308-01a4f6299080
3f446cd9-72c4-464d-8953-f9720a497275,18b1d0c7-20e4-47fa-8f4d-e75ceba6faf0,,52.74,100.00,,306a669c-6bd9-4b68-b7a1-7598dc3e5785,2025-12-03 20:52:32.818655+00,household items,d293575a-98b3-4287-b308-01a4f6299080
409950a5-4047-4fe0-8d7d-4ff85f00e95b,b89ce5ca-c0af-452b-a745-188bbcc98877,,14.17,80.00,,9f166818-76ea-4b10-9af7-8a75c5353acb,2025-12-03 20:51:57.149432+00,Groceries,d293575a-98b3-4287-b308-01a4f6299080
4406ce8b-e3e6-4976-9a77-c4bc24afb861,08105421-0d16-4ae6-8f5d-2865c57b3adc,,4.52,10.00,,5d9596b8-b071-4a2c-b578-76192a3c290e,2025-12-03 20:51:56.325364+00,,d293575a-98b3-4287-b308-01a4f6299080
4452a061-25e8-48ea-bf21-a92050907aaa,78cd55df-d3ce-449d-861b-10aeed0fcde2,,14.40,100.00,,306a669c-6bd9-4b68-b7a1-7598dc3e5785,2025-12-03 20:52:07.484962+00,household items,d293575a-98b3-4287-b308-01a4f6299080
459d5333-9118-41f9-a47c-a923734bbdab,0860d084-a40e-45b7-a508-24282625f196,,2.09,20.00,,7a44a6dc-687c-4bc2-8685-d69249f79c72,2025-12-03 20:52:03.495444+00,Household Groceries,d293575a-98b3-4287-b308-01a4f6299080
47224212-f9f0-45c4-acd1-173b6183b63c,8eb88822-01ea-4493-8752-f276ff140e23,,7.21,20.00,,7a44a6dc-687c-4bc2-8685-d69249f79c72,2025-12-03 20:51:59.901729+00,Household Groceries,d293575a-98b3-4287-b308-01a4f6299080
473c857d-3667-4cb0-ac28-5f9ba99977d5,4d9a2485-ab6a-4121-99e9-30056ff0fec3,,13.02,80.00,,9f166818-76ea-4b10-9af7-8a75c5353acb,2025-12-03 20:51:41.401865+00,Groceries,d293575a-98b3-4287-b308-01a4f6299080
47ffd486-08ed-463a-9942-c29e4f1dbdea,a7b8e697-d967-4e0c-842e-9d2660110c77,,14.69,10.00,,d8bc9a20-9f03-4cc8-8d33-3a12bcd04362,2025-12-03 20:51:49.174462+00,,d293575a-98b3-4287-b308-01a4f6299080
49a42018-e054-4f07-b274-8d181757823c,7af2d100-111f-4c25-b707-79ff45469947,,7.30,10.00,,5d9596b8-b071-4a2c-b578-76192a3c290e,2025-12-03 20:52:29.850157+00,,d293575a-98b3-4287-b308-01a4f6299080
4a3ef1ec-ff2b-449d-b648-e85408da8b56,c6b01319-15ca-40da-92d8-86477cf964d4,,2.94,10.00,,5d9596b8-b071-4a2c-b578-76192a3c290e,2025-12-03 20:51:36.025968+00,,d293575a-98b3-4287-b308-01a4f6299080
4c1b5932-6d81-4783-a513-7cfd3c088475,9c04ee45-05a5-4a36-8d8b-c1d4e3ec3c8d,,39.55,10.00,,d8bc9a20-9f03-4cc8-8d33-3a12bcd04362,2025-12-03 20:51:37.52572+00,,d293575a-98b3-4287-b308-01a4f6299080
4cb8a83d-7451-4e68-87c4-b728d8f5faf0,6758d272-ad6a-4486-b01b-f9f31fc0d1a1,,35.94,80.00,,9f166818-76ea-4b10-9af7-8a75c5353acb,2025-12-03 20:51:59.03314+00,Groceries,d293575a-98b3-4287-b308-01a4f6299080
4d4b5fa2-6f50-4754-96f2-49e4c6d78eca,46406285-f46e-4011-8fd5-e690bedb3139,,21.60,10.00,,d8bc9a20-9f03-4cc8-8d33-3a12bcd04362,2025-12-03 20:51:35.03243+00,,d293575a-98b3-4287-b308-01a4f6299080
4d4e134f-31ca-4741-915d-9d41093c0558,241b15bf-df2c-46ec-9651-f555cb8a95e2,,6.10,10.00,,5d9596b8-b071-4a2c-b578-76192a3c290e,2025-12-03 20:51:53.265803+00,,d293575a-98b3-4287-b308-01a4f6299080
4dd8ab4f-7d47-419b-a41a-c7a826cf0f55,1cda1154-0801-4ca4-99ed-ff4f04869028,,7.51,20.00,,7a44a6dc-687c-4bc2-8685-d69249f79c72,2025-12-03 20:52:39.742594+00,Household Groceries,d293575a-98b3-4287-b308-01a4f6299080
4e718349-d296-4bb5-a676-a8cb2393c8a3,ced4bedd-8b01-4d7b-b0ec-c9a3e15bb0af,,21.68,20.00,,7a44a6dc-687c-4bc2-8685-d69249f79c72,2025-12-03 20:52:34.402628+00,Household Groceries,d293575a-98b3-4287-b308-01a4f6299080
4ecd48d1-1494-4ceb-a9d4-a3ae8a624cf4,dd16391f-a9c7-4f9e-a6db-53270eee5552,,2.83,20.00,,7a44a6dc-687c-4bc2-8685-d69249f79c72,2025-12-03 20:51:43.444276+00,Household Groceries,d293575a-98b3-4287-b308-01a4f6299080
4fc9aa89-8966-4883-b1ed-f323b696eb76,46406285-f46e-4011-8fd5-e690bedb3139,,64.79,30.00,,7a44a6dc-687c-4bc2-8685-d69249f79c72,2025-12-03 20:51:34.736696+00,,d293575a-98b3-4287-b308-01a4f6299080
4fdf8ccc-9a5c-4b77-8d47-f705aae88cd8,5bd13aaa-f456-4c25-802e-435b054ac436,,14.69,10.00,,d8bc9a20-9f03-4cc8-8d33-3a12bcd04362,2025-12-03 20:52:18.576192+00,,d293575a-98b3-4287-b308-01a4f6299080
506df8a2-2b3c-48d9-89af-98d50ff1009f,66241476-fb8a-4a67-9cea-e31cffae74d4,,12.43,10.00,,d8bc9a20-9f03-4cc8-8d33-3a12bcd04362,2025-12-03 20:52:23.540818+00,,d293575a-98b3-4287-b308-01a4f6299080
527d6c13-53ec-4468-a214-0d86fa250fb4,c772e914-9e10-41ea-9981-50547481c9a5,,2.34,100.00,,306a669c-6bd9-4b68-b7a1-7598dc3e5785,2025-12-03 20:52:33.135066+00,household items,d293575a-98b3-4287-b308-01a4f6299080
537939e9-ffcc-40e2-87ad-3b8f3ac3e7de,e48547a4-216c-4ddb-8bef-27edb0ca3299,,16.94,50.00,,cd2129d9-2a16-452e-b3f5-e295c1a4c601,2025-12-03 20:52:19.964411+00,,d293575a-98b3-4287-b308-01a4f6299080
5380feb3-748b-48b7-a01a-d0f4aaa62199,526e3915-79b7-4298-bfba-c9317b249419,,65.08,10.00,,5d9596b8-b071-4a2c-b578-76192a3c290e,2025-12-03 20:52:15.394435+00,,d293575a-98b3-4287-b308-01a4f6299080
558dc4d5-d800-42b5-b978-753c1996df2c,9c04ee45-05a5-4a36-8d8b-c1d4e3ec3c8d,,118.65,30.00,,7a44a6dc-687c-4bc2-8685-d69249f79c72,2025-12-03 20:51:37.192423+00,,d293575a-98b3-4287-b308-01a4f6299080
589bd194-0721-426e-a5e7-7d034459b3d0,b99331ba-20f9-41c2-87e3-b3de6efd80e6,,9.87,20.00,,7a44a6dc-687c-4bc2-8685-d69249f79c72,2025-12-03 20:51:39.581988+00,Household Groceries,d293575a-98b3-4287-b308-01a4f6299080
589bd52a-25c7-44d3-9cd7-8de79397a7a2,29b56824-eeac-4c69-b8d1-ab3f67fb683e,,1.45,20.00,,7a44a6dc-687c-4bc2-8685-d69249f79c72,2025-12-03 20:51:46.068395+00,Household Groceries,d293575a-98b3-4287-b308-01a4f6299080
5a183763-4042-4d2e-a73f-14b2b7ace50c,1a1fbf5d-7ad7-4461-ab0e-ca5ad3c2563d,,7.46,20.00,,7a44a6dc-687c-4bc2-8685-d69249f79c72,2025-12-03 20:51:42.022184+00,Household Groceries,d293575a-98b3-4287-b308-01a4f6299080
5aca4878-e62c-44c8-8dec-eac05c8abdd2,8a82d828-7769-4f9c-ae4a-ddf012d833e8,,118.65,30.00,,7a44a6dc-687c-4bc2-8685-d69249f79c72,2025-12-03 20:52:41.079991+00,,d293575a-98b3-4287-b308-01a4f6299080
5b270b4e-0774-4107-981b-2bd707db101a,a7b8e697-d967-4e0c-842e-9d2660110c77,,73.45,50.00,,cd2129d9-2a16-452e-b3f5-e295c1a4c601,2025-12-03 20:51:49.045624+00,,d293575a-98b3-4287-b308-01a4f6299080
5c4bbada-0a77-4ba6-bb3e-440dccb98fe4,5cbf0c08-4448-4372-b660-1966900ab358,,29.81,80.00,,9f166818-76ea-4b10-9af7-8a75c5353acb,2025-12-03 20:52:01.361887+00,Groceries,d293575a-98b3-4287-b308-01a4f6299080
5c998a39-378f-42bd-a44b-4aa957fee8a7,f57b4239-f1a0-4afa-8950-f939119ad6a8,,36.14,80.00,,9f166818-76ea-4b10-9af7-8a75c5353acb,2025-12-03 20:52:05.507468+00,Groceries,d293575a-98b3-4287-b308-01a4f6299080
5e248deb-eab0-4a72-bc2e-0ce17c21ca8b,29b56824-eeac-4c69-b8d1-ab3f67fb683e,,5.80,80.00,,9f166818-76ea-4b10-9af7-8a75c5353acb,2025-12-03 20:51:45.938628+00,Groceries,d293575a-98b3-4287-b308-01a4f6299080
5e675e7b-7159-4c73-a0c6-f1433f4b193f,e48547a4-216c-4ddb-8bef-27edb0ca3299,,10.16,30.00,,7a44a6dc-687c-4bc2-8685-d69249f79c72,2025-12-03 20:52:19.806276+00,,d293575a-98b3-4287-b308-01a4f6299080
6046f1a6-0813-4455-900b-df69bbb380d5,705ae694-ac90-4f28-b679-05ddd7638974,,5.67,20.00,,7a44a6dc-687c-4bc2-8685-d69249f79c72,2025-12-03 20:51:50.213709+00,Household Groceries,d293575a-98b3-4287-b308-01a4f6299080
61b89b4f-ee9d-4deb-b98c-e70714be9a64,3bd6f830-54af-49e1-9646-c8634bcf8ff0,,8.81,30.00,,7a44a6dc-687c-4bc2-8685-d69249f79c72,2025-12-03 20:51:32.181928+00,,d293575a-98b3-4287-b308-01a4f6299080
6230444f-4abf-4f81-a65a-0d67a63fe24f,54e90671-7059-4d46-b17d-2c2700b63dda,,4.52,10.00,,5d9596b8-b071-4a2c-b578-76192a3c290e,2025-12-03 20:52:30.609191+00,,d293575a-98b3-4287-b308-01a4f6299080
62d56fc8-7328-48c6-b436-6e510ff1899d,06f1cc77-c42d-43fe-b913-778954b40e32,,3.55,20.00,,7a44a6dc-687c-4bc2-8685-d69249f79c72,2025-12-03 20:51:41.091987+00,Household Groceries,d293575a-98b3-4287-b308-01a4f6299080
64199ba4-8443-40ca-b77c-c4be4be049d6,cb062f92-8048-4b53-a756-1af54e16ba35,,30.31,30.00,,7a44a6dc-687c-4bc2-8685-d69249f79c72,2025-12-03 20:52:07.945478+00,,d293575a-98b3-4287-b308-01a4f6299080
652f3dfa-c170-45b2-b6e4-afcfe6effdec,d7d85d96-613d-4ff9-9512-f0a91e05ba6c,,1.06,20.00,,7a44a6dc-687c-4bc2-8685-d69249f79c72,2025-12-03 20:52:12.245678+00,Household Groceries,d293575a-98b3-4287-b308-01a4f6299080
65f24ceb-2033-4a1d-91dc-ec88806c59cc,2c2673b3-bbdf-4c77-9fe6-46448866d2c1,,84.48,80.00,,9f166818-76ea-4b10-9af7-8a75c5353acb,2025-12-03 20:52:21.482781+00,Groceries,d293575a-98b3-4287-b308-01a4f6299080
66005636-ed99-408d-a2ce-872f82cb1c7a,b84e0b7a-6583-4df3-8339-61319119294e,,23.54,80.00,,9f166818-76ea-4b10-9af7-8a75c5353acb,2025-12-03 20:51:54.638394+00,Groceries,d293575a-98b3-4287-b308-01a4f6299080
67d8290a-e573-4a86-915b-e41f1503fd35,250dab55-d7ad-4aea-a961-9b3e71c188d8,,5.64,20.00,,7a44a6dc-687c-4bc2-8685-d69249f79c72,2025-12-03 20:52:07.158284+00,Household Groceries,d293575a-98b3-4287-b308-01a4f6299080
67ee72f4-1677-4317-bacf-5a745a52a0b0,3bd6f830-54af-49e1-9646-c8634bcf8ff0,,14.69,50.00,,cd2129d9-2a16-452e-b3f5-e295c1a4c601,2025-12-03 20:51:32.336632+00,,d293575a-98b3-4287-b308-01a4f6299080
6883aa6a-3df1-4d02-aa35-a44907a67ea0,5847e424-79a0-44a1-b333-ddf38d7d396f,,118.65,30.00,,7a44a6dc-687c-4bc2-8685-d69249f79c72,2025-12-03 20:51:33.921643+00,,d293575a-98b3-4287-b308-01a4f6299080
68ce1c61-8be6-4b8c-8c95-a0c0ac6f495b,141674c2-69d5-427d-ae94-4b64dd278e00,,7.40,30.00,,7a44a6dc-687c-4bc2-8685-d69249f79c72,2025-12-03 20:51:52.158617+00,,d293575a-98b3-4287-b308-01a4f6299080
69a5e488-213e-448c-891f-0d84424ab21b,513f0065-a45c-401c-a551-8cb447d8554f,,6.14,80.00,,9f166818-76ea-4b10-9af7-8a75c5353acb,2025-12-03 20:52:04.031481+00,Groceries,d293575a-98b3-4287-b308-01a4f6299080
6a060b17-9a15-4d3e-98b4-10c0c0b0a274,54e90671-7059-4d46-b17d-2c2700b63dda,,22.60,50.00,,cd2129d9-2a16-452e-b3f5-e295c1a4c601,2025-12-03 20:52:30.330799+00,,d293575a-98b3-4287-b308-01a4f6299080
6a258952-f485-412c-ae34-5ce78693710f,d7743e0c-6a6b-48ca-9294-e55a8a7456c4,,4.52,10.00,,5d9596b8-b071-4a2c-b578-76192a3c290e,2025-12-03 20:52:21.140906+00,,d293575a-98b3-4287-b308-01a4f6299080
6a6afb98-c01d-453f-9442-292e461a5bfd,9babfbb2-c0fd-4efc-8607-25e388c62c98,,28.85,80.00,,9f166818-76ea-4b10-9af7-8a75c5353acb,2025-12-03 20:52:02.762167+00,Groceries,d293575a-98b3-4287-b308-01a4f6299080
6afe1176-8136-4c87-b667-6a9c6390c345,ec7d7c83-3381-4f44-8357-a1a50367dcb1,,32.60,20.00,,7a44a6dc-687c-4bc2-8685-d69249f79c72,2025-12-03 20:51:46.506524+00,Household Groceries,d293575a-98b3-4287-b308-01a4f6299080
6b4007d6-eda5-4cd1-a527-d247ca2f666e,98c4aec6-35b7-4259-99b5-fa2cdeb2dacd,,2.01,20.00,,7a44a6dc-687c-4bc2-8685-d69249f79c72,2025-12-03 20:52:36.487678+00,Household Groceries,d293575a-98b3-4287-b308-01a4f6299080
6b64ee2f-f0bd-4490-9110-884d7508e0c2,828244d7-dfc3-4a68-a38b-a61b51c43b51,,10.79,80.00,,9f166818-76ea-4b10-9af7-8a75c5353acb,2025-12-03 20:52:37.305059+00,Groceries,d293575a-98b3-4287-b308-01a4f6299080
6be39c4d-1bf6-40c2-8d57-0e1d280592bc,722d051d-62e6-4965-8474-68f1be2eb019,,29.81,80.00,,9f166818-76ea-4b10-9af7-8a75c5353acb,2025-12-03 20:52:10.869485+00,Groceries,d293575a-98b3-4287-b308-01a4f6299080
6c674d03-c818-44ba-b3dc-ef4e71672c64,e0e857da-0c83-48f6-86f9-9535c7a3d3d3,,8.44,80.00,,9f166818-76ea-4b10-9af7-8a75c5353acb,2025-12-03 20:52:31.426048+00,Groceries,d293575a-98b3-4287-b308-01a4f6299080
6d044401-a108-4ecc-99fc-f8d51da47df3,922330bb-fd9f-4457-aa3b-49c97349e289,,271.20,50.00,,cd2129d9-2a16-452e-b3f5-e295c1a4c601,2025-12-03 20:52:17.653063+00,,d293575a-98b3-4287-b308-01a4f6299080
6d5865d2-45fc-4f5e-9a49-06f2328cab91,526e3915-79b7-4298-bfba-c9317b249419,,195.25,30.00,,7a44a6dc-687c-4bc2-8685-d69249f79c72,2025-12-03 20:52:14.883972+00,,d293575a-98b3-4287-b308-01a4f6299080
6d94e604-4caf-46e8-8463-26689dec69a6,5bd13aaa-f456-4c25-802e-435b054ac436,,73.45,50.00,,cd2129d9-2a16-452e-b3f5-e295c1a4c601,2025-12-03 20:52:18.444419+00,,d293575a-98b3-4287-b308-01a4f6299080
6dbe5435-4123-4571-94ed-0e2b0ecb416d,0e7586c0-8fdd-4c31-a548-3d430e044b01,,10.33,80.00,,9f166818-76ea-4b10-9af7-8a75c5353acb,2025-12-03 20:52:05.990475+00,Groceries,d293575a-98b3-4287-b308-01a4f6299080
6f8d4a2c-646b-4fa9-8970-5ecb66b64034,c6b01319-15ca-40da-92d8-86477cf964d4,,2.94,10.00,,d8bc9a20-9f03-4cc8-8d33-3a12bcd04362,2025-12-03 20:51:35.88168+00,,d293575a-98b3-4287-b308-01a4f6299080
6f9cdf8f-17c4-4f02-86c6-9ddcfc47dbbb,0860d084-a40e-45b7-a508-24282625f196,,8.36,80.00,,9f166818-76ea-4b10-9af7-8a75c5353acb,2025-12-03 20:52:03.31362+00,Groceries,d293575a-98b3-4287-b308-01a4f6299080
706c2731-a101-4ce7-b41b-b82debbd0a65,94d632a1-9c52-4ec8-ba36-74154e46d7bd,,4.41,10.00,,5d9596b8-b071-4a2c-b578-76192a3c290e,2025-12-03 20:52:16.194941+00,,d293575a-98b3-4287-b308-01a4f6299080
7099d23d-bdcb-4cdc-80aa-4b181011afa3,828244d7-dfc3-4a68-a38b-a61b51c43b51,,2.70,20.00,,7a44a6dc-687c-4bc2-8685-d69249f79c72,2025-12-03 20:52:37.443646+00,Household Groceries,d293575a-98b3-4287-b308-01a4f6299080
70ed6bf5-01fc-4438-af6a-0fe4b0700cb6,70c5fd2e-5cd1-4a99-9e91-101d2e962db4,,122.04,100.00,,306a669c-6bd9-4b68-b7a1-7598dc3e5785,2025-12-04 14:26:17.308154+00,,d293575a-98b3-4287-b308-01a4f6299080
711b9361-17a9-489d-9f5e-a4cdfac83240,0de127ad-b8c0-4af9-8d6a-bca3af0b7044,,8.10,10.00,,5d9596b8-b071-4a2c-b578-76192a3c290e,2025-12-03 20:52:26.347458+00,,d293575a-98b3-4287-b308-01a4f6299080
7166a767-b096-434b-baf4-6674d6c25ab1,5847e424-79a0-44a1-b333-ddf38d7d396f,,39.55,10.00,,d8bc9a20-9f03-4cc8-8d33-3a12bcd04362,2025-12-03 20:51:34.237763+00,,d293575a-98b3-4287-b308-01a4f6299080
7258d974-637f-421b-8b64-e17a525a4096,9c04ee45-05a5-4a36-8d8b-c1d4e3ec3c8d,,197.75,50.00,,cd2129d9-2a16-452e-b3f5-e295c1a4c601,2025-12-03 20:51:37.357+00,,d293575a-98b3-4287-b308-01a4f6299080
725f739d-9068-4770-949d-34f3453784ee,d7d85d96-613d-4ff9-9512-f0a91e05ba6c,,4.22,80.00,,9f166818-76ea-4b10-9af7-8a75c5353acb,2025-12-03 20:52:12.115586+00,Groceries,d293575a-98b3-4287-b308-01a4f6299080
72bdc09c-c458-47ee-8848-cdef71de23c7,47c25646-01d3-4297-a12e-d8a652efc8f5,,68.24,50.00,,cd2129d9-2a16-452e-b3f5-e295c1a4c601,2025-12-03 20:51:44.383307+00,,d293575a-98b3-4287-b308-01a4f6299080
73165e5f-f8f6-4c63-aa09-c08fea6e19f0,ab5ed0b3-7f59-46af-b5fd-38f73014b930,,9.56,10.00,,d8bc9a20-9f03-4cc8-8d33-3a12bcd04362,2025-12-03 20:52:11.654706+00,,d293575a-98b3-4287-b308-01a4f6299080
7419bc64-944f-47c4-b030-f1a58ab4e54d,d40076a8-ed85-47fe-9490-144768292760,,12.47,80.00,,9f166818-76ea-4b10-9af7-8a75c5353acb,2025-12-03 20:51:37.981517+00,Groceries,d293575a-98b3-4287-b308-01a4f6299080
7481fe9e-227e-4196-bbde-81f1ccbeb7fb,070452fc-5213-4cab-b711-89a606e5a938,,1.83,50.00,,cd2129d9-2a16-452e-b3f5-e295c1a4c601,2025-12-03 20:51:33.131861+00,,d293575a-98b3-4287-b308-01a4f6299080
74fd4eaa-92b5-4750-98ff-6701fe0007ee,dc25d3c4-234a-441f-8d0d-49edb959ff7f,,1.45,20.00,,7a44a6dc-687c-4bc2-8685-d69249f79c72,2025-12-03 20:52:04.66416+00,Household Groceries,d293575a-98b3-4287-b308-01a4f6299080
751cdeed-0b75-442a-a4ec-7fff3e6cb480,8118f3c5-1bb4-49cf-b3e2-d32d98c5c40f,,1.48,20.00,,7a44a6dc-687c-4bc2-8685-d69249f79c72,2025-12-03 20:52:32.012662+00,Household Groceries,d293575a-98b3-4287-b308-01a4f6299080
75bf2027-e55d-4553-8442-40e491db6f21,8a82d828-7769-4f9c-ae4a-ddf012d833e8,,39.55,10.00,,5d9596b8-b071-4a2c-b578-76192a3c290e,2025-12-03 20:52:41.537282+00,,d293575a-98b3-4287-b308-01a4f6299080
760cd51e-283a-49d6-b013-4ead64ebf2d3,9babfbb2-c0fd-4efc-8607-25e388c62c98,,7.21,20.00,,7a44a6dc-687c-4bc2-8685-d69249f79c72,2025-12-03 20:52:02.89691+00,Household Groceries,d293575a-98b3-4287-b308-01a4f6299080
7613e6ad-99f3-4078-85ad-af39cf6cc8aa,223cb50a-c53c-4b53-9ad3-532ae2592e14,,10.99,10.00,,5d9596b8-b071-4a2c-b578-76192a3c290e,2025-12-03 20:52:42.37875+00,,d293575a-98b3-4287-b308-01a4f6299080
76eb4d28-d792-471d-9e01-9a6ef8b3e52f,bd6ad818-4ebd-4bd7-80ad-cc00f414ea2d,,5.76,100.00,,306a669c-6bd9-4b68-b7a1-7598dc3e5785,2025-12-04 14:26:01.15705+00,home improvements,d293575a-98b3-4287-b308-01a4f6299080
77b0190a-9c85-4308-950b-959470c37ef6,e5d2d87a-c4b9-47be-b4f1-3e63e50ffef7,,31.36,100.00,,306a669c-6bd9-4b68-b7a1-7598dc3e5785,2025-12-04 14:26:04.737192+00,,d293575a-98b3-4287-b308-01a4f6299080
77ce1d22-5e74-471b-a472-6347ef401b61,0e7586c0-8fdd-4c31-a548-3d430e044b01,,2.58,20.00,,7a44a6dc-687c-4bc2-8685-d69249f79c72,2025-12-03 20:52:06.138907+00,Household Groceries,d293575a-98b3-4287-b308-01a4f6299080
79079ce6-6388-4802-adfb-19ff54e48b01,2f2356a7-a75a-4bf3-b9ee-c2b0712635ea,,45.19,50.00,,cd2129d9-2a16-452e-b3f5-e295c1a4c601,2025-12-03 20:51:55.297515+00,,d293575a-98b3-4287-b308-01a4f6299080
795cb170-11c3-43e3-a7c1-726868962ffd,531ca2e6-7f71-4648-81bb-e60206aa98ba,,162.72,30.00,,7a44a6dc-687c-4bc2-8685-d69249f79c72,2025-12-03 20:52:14.030656+00,,d293575a-98b3-4287-b308-01a4f6299080
7a7419b3-b376-4fc2-a791-9cd56bed12df,922330bb-fd9f-4457-aa3b-49c97349e289,,162.72,30.00,,7a44a6dc-687c-4bc2-8685-d69249f79c72,2025-12-03 20:52:17.514706+00,,d293575a-98b3-4287-b308-01a4f6299080
7ab72cd3-178f-4ebc-a4c5-48cb84d7f820,d1fbe1bb-628f-4fd2-8409-3903555915cb,,87.36,80.00,,9f166818-76ea-4b10-9af7-8a75c5353acb,2025-12-03 20:52:42.713554+00,Groceries,d293575a-98b3-4287-b308-01a4f6299080
7e74f51d-b560-4a4a-99bb-ce629489756b,6ea2b0b1-3e74-4e04-b5db-0fb977eb926c,,4.86,10.00,,d8bc9a20-9f03-4cc8-8d33-3a12bcd04362,2025-12-03 20:51:53.87797+00,,d293575a-98b3-4287-b308-01a4f6299080
7e843b31-9b0c-484d-a346-bc393a3b5e87,46406285-f46e-4011-8fd5-e690bedb3139,,107.99,50.00,,cd2129d9-2a16-452e-b3f5-e295c1a4c601,2025-12-03 20:51:34.900115+00,,d293575a-98b3-4287-b308-01a4f6299080
7eeef253-a822-490a-b506-434c8832c855,8886a26b-f61f-4c1a-ae92-5af107f4ea29,,21.66,80.00,,9f166818-76ea-4b10-9af7-8a75c5353acb,2025-12-03 20:52:08.76929+00,Groceries,d293575a-98b3-4287-b308-01a4f6299080
7fdef0c9-dc78-48fb-a84b-a9bb71aafeaa,223cb50a-c53c-4b53-9ad3-532ae2592e14,,32.97,30.00,,7a44a6dc-687c-4bc2-8685-d69249f79c72,2025-12-03 20:52:41.971862+00,,d293575a-98b3-4287-b308-01a4f6299080
7fe579df-12aa-4e81-a1e0-bb6cabb0e9f6,fb636b3b-6047-45fd-ad60-3da9a8963597,,11.14,10.00,,d8bc9a20-9f03-4cc8-8d33-3a12bcd04362,2025-12-03 20:52:02.282143+00,,d293575a-98b3-4287-b308-01a4f6299080
8426dc14-75e1-4b1f-90eb-c56ed8e67351,ab5ed0b3-7f59-46af-b5fd-38f73014b930,,47.82,50.00,,cd2129d9-2a16-452e-b3f5-e295c1a4c601,2025-12-03 20:52:11.532568+00,,d293575a-98b3-4287-b308-01a4f6299080
84609447-d52f-442c-85bd-24de8afdfd8e,66241476-fb8a-4a67-9cea-e31cffae74d4,,62.14,50.00,,cd2129d9-2a16-452e-b3f5-e295c1a4c601,2025-12-03 20:52:23.396443+00,,d293575a-98b3-4287-b308-01a4f6299080
8499fc3e-0c82-4671-b35c-b8ac2ddee971,070452fc-5213-4cab-b711-89a606e5a938,,0.37,10.00,,d8bc9a20-9f03-4cc8-8d33-3a12bcd04362,2025-12-03 20:51:33.28818+00,,d293575a-98b3-4287-b308-01a4f6299080
84c0fd7c-1db9-4f5c-a6e6-604bff7873ba,06f1cc77-c42d-43fe-b913-778954b40e32,,14.19,80.00,,9f166818-76ea-4b10-9af7-8a75c5353acb,2025-12-03 20:51:40.947067+00,Groceries,d293575a-98b3-4287-b308-01a4f6299080
85df9d34-f826-4ce1-8c0c-addbec248a31,513f0065-a45c-401c-a551-8cb447d8554f,,1.54,20.00,,7a44a6dc-687c-4bc2-8685-d69249f79c72,2025-12-03 20:52:04.175961+00,Household Groceries,d293575a-98b3-4287-b308-01a4f6299080
867cfb08-b59d-4348-a60e-416ed601e043,a655396a-b1b0-48ed-96b3-353cc884d180,,6.15,20.00,,7a44a6dc-687c-4bc2-8685-d69249f79c72,2025-12-03 20:37:31.819196+00,household,d293575a-98b3-4287-b308-01a4f6299080
87ac0191-2570-45db-8000-c0ded203b631,c6b01319-15ca-40da-92d8-86477cf964d4,,14.69,50.00,,cd2129d9-2a16-452e-b3f5-e295c1a4c601,2025-12-03 20:51:35.742368+00,,d293575a-98b3-4287-b308-01a4f6299080
8811796f-d279-4009-acd2-282ea8590b95,fb636b3b-6047-45fd-ad60-3da9a8963597,,33.43,30.00,,7a44a6dc-687c-4bc2-8685-d69249f79c72,2025-12-03 20:52:01.957215+00,,d293575a-98b3-4287-b308-01a4f6299080
887b77a5-0f0d-4e20-b1d3-214735416849,f4a3b9b9-5f5e-4a91-845d-ed1cfc880d55,,114.49,50.00,,cd2129d9-2a16-452e-b3f5-e295c1a4c601,2025-12-03 20:52:28.835389+00,,d293575a-98b3-4287-b308-01a4f6299080
88a66096-6eec-44ee-b1da-d00f1779d812,d14e9730-8951-4067-a8e0-590aa812e764,,5.00,10.00,,5d9596b8-b071-4a2c-b578-76192a3c290e,2025-12-03 20:52:27.102973+00,,d293575a-98b3-4287-b308-01a4f6299080
88e831a2-e5d0-4088-b5e0-6ceb367cccb7,08105421-0d16-4ae6-8f5d-2865c57b3adc,,4.52,10.00,,d8bc9a20-9f03-4cc8-8d33-3a12bcd04362,2025-12-03 20:51:56.131384+00,,d293575a-98b3-4287-b308-01a4f6299080
8988b7c0-92a8-41b1-abba-e72f62a63513,296361d6-b68d-4a68-8f84-82e019a17af0,,32.88,30.00,,7a44a6dc-687c-4bc2-8685-d69249f79c72,2025-12-03 20:52:38.267003+00,,d293575a-98b3-4287-b308-01a4f6299080
8a1b5d50-43e0-45cc-8fe2-6e99a909cdbd,f57b4239-f1a0-4afa-8950-f939119ad6a8,,9.04,20.00,,7a44a6dc-687c-4bc2-8685-d69249f79c72,2025-12-03 20:52:05.660504+00,Household Groceries,d293575a-98b3-4287-b308-01a4f6299080
8a99801d-61ce-4899-9279-0c9527c713f7,7af2d100-111f-4c25-b707-79ff45469947,,7.30,10.00,,d8bc9a20-9f03-4cc8-8d33-3a12bcd04362,2025-12-03 20:52:29.711999+00,,d293575a-98b3-4287-b308-01a4f6299080
8aed4600-c860-4daf-bac3-40175ba007bd,dda6d19c-f83f-477a-8784-7c25231c7d32,,50.85,10.00,,d8bc9a20-9f03-4cc8-8d33-3a12bcd04362,2025-12-03 20:51:48.381358+00,,d293575a-98b3-4287-b308-01a4f6299080
8b9a07db-b355-41cb-a73f-10f86d19868f,f4a3b9b9-5f5e-4a91-845d-ed1cfc880d55,,68.69,30.00,,7a44a6dc-687c-4bc2-8685-d69249f79c72,2025-12-03 20:52:28.698396+00,,d293575a-98b3-4287-b308-01a4f6299080
8c860897-7661-462e-a8d3-549b1d2d5796,dc25d3c4-234a-441f-8d0d-49edb959ff7f,,5.80,80.00,,9f166818-76ea-4b10-9af7-8a75c5353acb,2025-12-03 20:52:04.525778+00,Groceries,d293575a-98b3-4287-b308-01a4f6299080
8d1b50b8-b6ab-4b33-bd62-4bedecd3698d,5ee50922-dc57-48e5-a9eb-025ab7819398,,27.30,20.00,,7a44a6dc-687c-4bc2-8685-d69249f79c72,2025-12-03 20:51:58.113481+00,Household Groceries,d293575a-98b3-4287-b308-01a4f6299080
8dc0a03e-f2fe-41c7-9de4-528efa4ee33f,4764b166-7ae9-4719-a41f-585ffc97db64,,108.83,30.00,,7a44a6dc-687c-4bc2-8685-d69249f79c72,2025-12-03 20:52:24.056445+00,,d293575a-98b3-4287-b308-01a4f6299080
8fc4b5a9-ee4b-4f28-9d8e-148b05f4e235,41c08fec-a32a-4d54-8af0-5d3b2cc40ab3,,1.83,50.00,,cd2129d9-2a16-452e-b3f5-e295c1a4c601,2025-12-03 20:51:36.50699+00,,d293575a-98b3-4287-b308-01a4f6299080
90c5ab89-5255-444d-a932-5f123526719d,d14e9730-8951-4067-a8e0-590aa812e764,,5.00,10.00,,d8bc9a20-9f03-4cc8-8d33-3a12bcd04362,2025-12-03 20:52:26.96051+00,,d293575a-98b3-4287-b308-01a4f6299080
90c695c3-d5e3-4209-be28-a4b8b783aa3c,033764d2-b5fb-4778-9961-8d60021a86eb,,22.19,20.00,,7a44a6dc-687c-4bc2-8685-d69249f79c72,2025-12-03 20:52:37.912201+00,Household Groceries,d293575a-98b3-4287-b308-01a4f6299080
91744a3c-5bcd-42a5-a702-1708725f0a35,d7743e0c-6a6b-48ca-9294-e55a8a7456c4,,4.52,10.00,,d8bc9a20-9f03-4cc8-8d33-3a12bcd04362,2025-12-03 20:52:20.985232+00,,d293575a-98b3-4287-b308-01a4f6299080
93df4f35-9308-4d05-b768-1c3fbc093f0f,b5fe4e8a-b8b6-4235-99b9-41c3ca3f80a0,,22.58,80.00,,9f166818-76ea-4b10-9af7-8a75c5353acb,2025-12-03 20:52:09.825426+00,Groceries,d293575a-98b3-4287-b308-01a4f6299080
94d0fdac-fa1a-4ee4-84c9-8e01ff254922,1a1fbf5d-7ad7-4461-ab0e-ca5ad3c2563d,,29.82,80.00,,9f166818-76ea-4b10-9af7-8a75c5353acb,2025-12-03 20:51:41.87855+00,Groceries,d293575a-98b3-4287-b308-01a4f6299080
959203d7-cb28-4163-a0bf-427b2b862abc,070452fc-5213-4cab-b711-89a606e5a938,,1.10,30.00,,7a44a6dc-687c-4bc2-8685-d69249f79c72,2025-12-03 20:51:32.973901+00,,d293575a-98b3-4287-b308-01a4f6299080
9ad0fa09-dcd4-4e5e-8227-d5e3eba932aa,0de127ad-b8c0-4af9-8d6a-bca3af0b7044,,40.49,50.00,,cd2129d9-2a16-452e-b3f5-e295c1a4c601,2025-12-03 20:52:26.03878+00,,d293575a-98b3-4287-b308-01a4f6299080
9ae1cfc6-eb0a-4c9b-9143-31bb6b628efd,a407edfc-bcd7-4717-97be-29711f4f7377,,49.80,20.00,,7a44a6dc-687c-4bc2-8685-d69249f79c72,2025-12-03 20:52:16.73122+00,Household Groceries,d293575a-98b3-4287-b308-01a4f6299080
9b0b5da4-c22f-453c-8a90-28470ffe4014,a9968307-7d1b-41f2-bd40-f7316daf3dcd,,4.57,20.00,,7a44a6dc-687c-4bc2-8685-d69249f79c72,2025-12-03 20:52:40.742336+00,Household Groceries,d293575a-98b3-4287-b308-01a4f6299080
9b546e98-7e2d-4066-bfef-e1028fe80c5a,70d1adaa-232a-4d80-9f2e-5f3e9e1c0616,,11.25,100.00,,306a669c-6bd9-4b68-b7a1-7598dc3e5785,2025-12-03 21:01:34.44364+00,home improvements,d293575a-98b3-4287-b308-01a4f6299080
9b5faacd-db71-442e-a182-d6e29720ff3d,526e3915-79b7-4298-bfba-c9317b249419,,325.42,50.00,,cd2129d9-2a16-452e-b3f5-e295c1a4c601,2025-12-03 20:52:15.032109+00,,d293575a-98b3-4287-b308-01a4f6299080
9bdb1790-1677-4cea-9667-5007071e6e65,a9968307-7d1b-41f2-bd40-f7316daf3dcd,,18.27,80.00,,9f166818-76ea-4b10-9af7-8a75c5353acb,2025-12-03 20:52:40.592827+00,Groceries,d293575a-98b3-4287-b308-01a4f6299080
9c3de87c-3c06-42fd-8e87-b4b3a3af7cb1,6ea2b0b1-3e74-4e04-b5db-0fb977eb926c,,24.29,50.00,,cd2129d9-2a16-452e-b3f5-e295c1a4c601,2025-12-03 20:51:53.73859+00,,d293575a-98b3-4287-b308-01a4f6299080
9d42c312-c3ce-4a13-b4f7-a5a09bf27bb8,851e3c17-9d6f-4134-8120-2fedf82bace4,,19.21,100.00,,306a669c-6bd9-4b68-b7a1-7598dc3e5785,2025-12-04 14:26:19.480623+00,,d293575a-98b3-4287-b308-01a4f6299080
9ef7bbca-5841-420d-96b2-be88d4729155,704bfeef-dfde-4bca-bd39-7916083fa7a7,,15.34,20.00,,7a44a6dc-687c-4bc2-8685-d69249f79c72,2025-12-03 20:51:47.00246+00,Household Groceries,d293575a-98b3-4287-b308-01a4f6299080
9f6ac582-b236-42af-b274-87c6e8182de0,dda6d19c-f83f-477a-8784-7c25231c7d32,,254.25,50.00,,cd2129d9-2a16-452e-b3f5-e295c1a4c601,2025-12-03 20:51:48.246259+00,,d293575a-98b3-4287-b308-01a4f6299080
a031d2ba-faaf-4b0b-9973-ad63e415f0b9,9605e119-f194-4076-b0d0-ac80121612c6,,3.25,20.00,,7a44a6dc-687c-4bc2-8685-d69249f79c72,2025-12-03 20:51:42.961757+00,Household Groceries,d293575a-98b3-4287-b308-01a4f6299080
a0f49911-c365-4d9c-8820-b10fc0a7ba89,11158e80-8e71-45d1-9fde-291ea0906866,,31.95,80.00,,9f166818-76ea-4b10-9af7-8a75c5353acb,2025-12-03 20:51:56.698374+00,Groceries,d293575a-98b3-4287-b308-01a4f6299080
a1cae875-9551-43ea-9b4a-0b8254c34ad1,00bdc499-82ae-4644-96e0-da8aa53445d5,,1.02,20.00,,7a44a6dc-687c-4bc2-8685-d69249f79c72,2025-12-03 20:52:05.136581+00,Household Groceries,d293575a-98b3-4287-b308-01a4f6299080
a22be68e-65f4-4a0b-a78d-c001e848bcb0,9c04ee45-05a5-4a36-8d8b-c1d4e3ec3c8d,,39.55,10.00,,5d9596b8-b071-4a2c-b578-76192a3c290e,2025-12-03 20:51:37.667047+00,,d293575a-98b3-4287-b308-01a4f6299080
a31910a2-1045-48aa-9d11-14c98cbe7465,241b15bf-df2c-46ec-9651-f555cb8a95e2,,18.30,30.00,,7a44a6dc-687c-4bc2-8685-d69249f79c72,2025-12-03 20:51:52.838616+00,,d293575a-98b3-4287-b308-01a4f6299080
a38e2017-7cc2-4421-92b2-86e28b9f4def,94d632a1-9c52-4ec8-ba36-74154e46d7bd,,13.22,30.00,,7a44a6dc-687c-4bc2-8685-d69249f79c72,2025-12-03 20:52:15.740868+00,,d293575a-98b3-4287-b308-01a4f6299080
a40d5acf-d96a-4759-9901-8bf0795b94bf,41c08fec-a32a-4d54-8af0-5d3b2cc40ab3,,0.37,10.00,,d8bc9a20-9f03-4cc8-8d33-3a12bcd04362,2025-12-03 20:51:36.643096+00,,d293575a-98b3-4287-b308-01a4f6299080
a5e8fcd3-e7d8-47c9-a30d-ed33158d85eb,9add693a-87e3-4a53-9538-f8619638ac07,,2.25,20.00,,7a44a6dc-687c-4bc2-8685-d69249f79c72,2025-12-03 20:52:22.119604+00,Household Groceries,d293575a-98b3-4287-b308-01a4f6299080
a6d66042-e6d1-4d52-8724-bedea51c0f58,310fe715-0057-4c4b-810c-f7f0190d1047,,11.46,20.00,,7a44a6dc-687c-4bc2-8685-d69249f79c72,2025-12-03 20:52:00.984877+00,Household Groceries,d293575a-98b3-4287-b308-01a4f6299080
a7d274ae-97bb-4b99-bd0b-30caa9c494c9,296361d6-b68d-4a68-8f84-82e019a17af0,,10.96,10.00,,5d9596b8-b071-4a2c-b578-76192a3c290e,2025-12-03 20:52:38.712163+00,,d293575a-98b3-4287-b308-01a4f6299080
a81d4acc-a681-45db-b14f-796071907ff5,cb062f92-8048-4b53-a756-1af54e16ba35,,10.10,10.00,,5d9596b8-b071-4a2c-b578-76192a3c290e,2025-12-03 20:52:08.422351+00,,d293575a-98b3-4287-b308-01a4f6299080
a916cce3-0b3d-4687-8cb3-0ece91b351a6,2073a85a-a675-45ea-a9e3-54994fb9954c,,7.46,20.00,,7a44a6dc-687c-4bc2-8685-d69249f79c72,2025-12-03 20:51:40.579713+00,Household Groceries,d293575a-98b3-4287-b308-01a4f6299080
a91e7836-350c-4c4a-a9fa-1280a3ac22bd,94d632a1-9c52-4ec8-ba36-74154e46d7bd,,22.03,50.00,,cd2129d9-2a16-452e-b3f5-e295c1a4c601,2025-12-03 20:52:15.888561+00,,d293575a-98b3-4287-b308-01a4f6299080
a951ada5-3b0f-45d6-bace-61b1a79dce1d,a3eb71e5-780e-4cdc-91e4-b59a4ab32918,,45.62,80.00,,9f166818-76ea-4b10-9af7-8a75c5353acb,2025-12-03 20:52:17.046283+00,Groceries,d293575a-98b3-4287-b308-01a4f6299080
a957848f-a436-43e1-9169-b3be48c9e6e9,4d9a2485-ab6a-4121-99e9-30056ff0fec3,,3.25,20.00,,7a44a6dc-687c-4bc2-8685-d69249f79c72,2025-12-03 20:51:41.561365+00,Household Groceries,d293575a-98b3-4287-b308-01a4f6299080
aae9a7cf-a8ea-4abf-a6fc-b4446a6c3c45,531ca2e6-7f71-4648-81bb-e60206aa98ba,,271.20,50.00,,cd2129d9-2a16-452e-b3f5-e295c1a4c601,2025-12-03 20:52:14.164635+00,,d293575a-98b3-4287-b308-01a4f6299080
ab20bd4b-7e39-4a6e-8a35-377373ad118a,296361d6-b68d-4a68-8f84-82e019a17af0,,10.96,10.00,,d8bc9a20-9f03-4cc8-8d33-3a12bcd04362,2025-12-03 20:52:38.565516+00,,d293575a-98b3-4287-b308-01a4f6299080
ab69938e-d3eb-426f-85d8-8418f2a13397,bd7267cb-f33f-4f7c-a785-9bc1894204e1,,43.39,80.00,,9f166818-76ea-4b10-9af7-8a75c5353acb,2025-12-03 20:52:13.54337+00,Groceries,d293575a-98b3-4287-b308-01a4f6299080
aba75028-56b9-4d68-89ee-c9b6993c4056,ac767160-3dfe-4d1e-b466-419af4acd07f,,1.58,20.00,,7a44a6dc-687c-4bc2-8685-d69249f79c72,2025-12-03 20:52:22.60074+00,Household Groceries,d293575a-98b3-4287-b308-01a4f6299080
ac26a79d-93a0-4f41-8162-42d0dc5f7918,d14e9730-8951-4067-a8e0-590aa812e764,,24.99,50.00,,cd2129d9-2a16-452e-b3f5-e295c1a4c601,2025-12-03 20:52:26.817489+00,,d293575a-98b3-4287-b308-01a4f6299080
ac55b424-07ad-4e09-bf47-d78aa688a8b9,d6d73dbf-279f-4b0c-80c5-6c10699d0820,,12.43,50.00,,cd2129d9-2a16-452e-b3f5-e295c1a4c601,2025-12-03 20:52:34.954528+00,,d293575a-98b3-4287-b308-01a4f6299080
acc369cd-07f8-4dfc-a343-033705a825fc,d6d73dbf-279f-4b0c-80c5-6c10699d0820,,2.49,10.00,,d8bc9a20-9f03-4cc8-8d33-3a12bcd04362,2025-12-03 20:52:35.131266+00,,d293575a-98b3-4287-b308-01a4f6299080
acdfd311-ca88-42c2-bc20-de543c678c05,4764b166-7ae9-4719-a41f-585ffc97db64,,181.39,50.00,,cd2129d9-2a16-452e-b3f5-e295c1a4c601,2025-12-03 20:52:24.188367+00,,d293575a-98b3-4287-b308-01a4f6299080
addec082-16bf-4ade-82de-cbf44b15809e,722d051d-62e6-4965-8474-68f1be2eb019,,7.45,20.00,,7a44a6dc-687c-4bc2-8685-d69249f79c72,2025-12-03 20:52:11.034136+00,Household Groceries,d293575a-98b3-4287-b308-01a4f6299080
ae2f6570-9e14-4f5d-9f27-7ab14c9fa7b2,d7743e0c-6a6b-48ca-9294-e55a8a7456c4,,22.60,50.00,,cd2129d9-2a16-452e-b3f5-e295c1a4c601,2025-12-03 20:52:20.833847+00,,d293575a-98b3-4287-b308-01a4f6299080
ae8f27fc-830e-4e6f-a432-77710fd8c28f,531ca2e6-7f71-4648-81bb-e60206aa98ba,,54.24,10.00,,d8bc9a20-9f03-4cc8-8d33-3a12bcd04362,2025-12-03 20:52:14.331193+00,,d293575a-98b3-4287-b308-01a4f6299080
b0539998-e813-4867-ab51-0164da020e69,7760a619-8bef-4df4-8e15-6a4cd0244617,,21.60,10.00,,5d9596b8-b071-4a2c-b578-76192a3c290e,2025-12-03 20:51:31.787174+00,,d293575a-98b3-4287-b308-01a4f6299080
b058a8ae-a2ea-4822-b966-33c93b297a64,033764d2-b5fb-4778-9961-8d60021a86eb,,88.78,80.00,,9f166818-76ea-4b10-9af7-8a75c5353acb,2025-12-03 20:52:37.765908+00,Groceries,d293575a-98b3-4287-b308-01a4f6299080
b264ea8c-f711-4325-8520-c384dbd7625f,db2dc2c9-43d9-4e0d-95e7-5ec48e8d9596,,37.35,100.00,,306a669c-6bd9-4b68-b7a1-7598dc3e5785,2025-12-04 14:26:23.195469+00,,d293575a-98b3-4287-b308-01a4f6299080
b3facb35-a155-4abd-a696-0d770bcd7b79,241b15bf-df2c-46ec-9651-f555cb8a95e2,,30.50,50.00,,cd2129d9-2a16-452e-b3f5-e295c1a4c601,2025-12-03 20:51:52.969121+00,,d293575a-98b3-4287-b308-01a4f6299080
b4ad6fb0-f907-403e-9b8f-a62bfeb357ea,15b200ee-8c99-4f48-a15d-a3d046e73f87,,138.29,30.00,,7a44a6dc-687c-4bc2-8685-d69249f79c72,2025-12-03 20:52:19.064588+00,,d293575a-98b3-4287-b308-01a4f6299080
b5759932-2588-4a0f-8d0c-1a166d7cdccb,310fe715-0057-4c4b-810c-f7f0190d1047,,45.86,80.00,,9f166818-76ea-4b10-9af7-8a75c5353acb,2025-12-03 20:52:00.838351+00,Groceries,d293575a-98b3-4287-b308-01a4f6299080
b5bffc23-4db5-47f7-a78b-de6d98de5f8b,b99331ba-20f9-41c2-87e3-b3de6efd80e6,,39.48,80.00,,9f166818-76ea-4b10-9af7-8a75c5353acb,2025-12-03 20:51:39.415459+00,Groceries,d293575a-98b3-4287-b308-01a4f6299080
b5ff34c9-04ee-4a24-88d8-1ecdeca2f271,296361d6-b68d-4a68-8f84-82e019a17af0,,54.81,50.00,,cd2129d9-2a16-452e-b3f5-e295c1a4c601,2025-12-03 20:52:38.419034+00,,d293575a-98b3-4287-b308-01a4f6299080
b8dceda9-0fa6-421a-808f-86c459427dc1,e0e857da-0c83-48f6-86f9-9535c7a3d3d3,,2.11,20.00,,7a44a6dc-687c-4bc2-8685-d69249f79c72,2025-12-03 20:52:31.561444+00,Household Groceries,d293575a-98b3-4287-b308-01a4f6299080
b9aad1f7-3c2f-4c6d-9315-f41f563f2e94,8e204a6d-9563-4fc3-ba3d-e32ba895a1d4,,39.48,80.00,,9f166818-76ea-4b10-9af7-8a75c5353acb,2025-12-03 20:51:39.944691+00,Groceries,d293575a-98b3-4287-b308-01a4f6299080
ba77e69a-bb52-430a-9a98-1f3e0a9ecebe,77966ea7-7d07-43e5-81b6-75b058cb3cd3,,22.26,10.00,,d8bc9a20-9f03-4cc8-8d33-3a12bcd04362,2025-12-03 20:51:47.603527+00,,d293575a-98b3-4287-b308-01a4f6299080
bb05ee6b-a225-443b-b350-716452995ed1,46406285-f46e-4011-8fd5-e690bedb3139,,21.60,10.00,,5d9596b8-b071-4a2c-b578-76192a3c290e,2025-12-03 20:51:35.21742+00,,d293575a-98b3-4287-b308-01a4f6299080
bb38d39d-b6f5-495d-95d3-3539eeb333c2,b3f0d5bc-8bca-4213-87ff-47c22939ff8b,,7.46,10.00,,d8bc9a20-9f03-4cc8-8d33-3a12bcd04362,2025-12-03 20:52:27.88421+00,,d293575a-98b3-4287-b308-01a4f6299080
bbc12a7b-10d0-42fa-8ccb-ff7d78a3e0de,fb636b3b-6047-45fd-ad60-3da9a8963597,,55.72,50.00,,cd2129d9-2a16-452e-b3f5-e295c1a4c601,2025-12-03 20:52:02.12087+00,,d293575a-98b3-4287-b308-01a4f6299080
bbdaea00-3c70-4859-a5c9-61fabbaa5f84,df2e4162-adfc-4c6b-9ee5-022beaac87da,,12.79,20.00,,7a44a6dc-687c-4bc2-8685-d69249f79c72,2025-12-03 20:52:36.972724+00,Household Groceries,d293575a-98b3-4287-b308-01a4f6299080
bdf72bb0-35ec-49bd-adc4-52a54a0d0225,bd7267cb-f33f-4f7c-a785-9bc1894204e1,,10.85,20.00,,7a44a6dc-687c-4bc2-8685-d69249f79c72,2025-12-03 20:52:13.680653+00,Household Groceries,d293575a-98b3-4287-b308-01a4f6299080
be236454-3bbd-4de4-8950-2ce5326b3ac8,51233184-79bd-4ca9-8521-b8c5f85c567b,,26.27,100.00,,306a669c-6bd9-4b68-b7a1-7598dc3e5785,2025-12-04 14:26:13.186936+00,,d293575a-98b3-4287-b308-01a4f6299080
be501baa-3049-4065-b684-a920a16427a6,b26dfeaf-82d0-4b9e-be1b-30fd2ea3faeb,,36.14,80.00,,9f166818-76ea-4b10-9af7-8a75c5353acb,2025-12-03 20:52:00.297487+00,Groceries,d293575a-98b3-4287-b308-01a4f6299080
be5c8d64-3340-4ae2-ada6-b2dc9ba2c9a2,9add693a-87e3-4a53-9538-f8619638ac07,,9.02,80.00,,9f166818-76ea-4b10-9af7-8a75c5353acb,2025-12-03 20:52:21.974706+00,Groceries,d293575a-98b3-4287-b308-01a4f6299080
be95ece4-34ad-48c6-bd09-dc42c8ad8e11,c1f51674-e062-46a0-9727-6ba0f775a744,,0.37,10.00,,d8bc9a20-9f03-4cc8-8d33-3a12bcd04362,2025-12-03 20:52:35.871213+00,,d293575a-98b3-4287-b308-01a4f6299080
bfecda9a-7326-4494-a90e-9590102ccbd5,705ae694-ac90-4f28-b679-05ddd7638974,,22.70,80.00,,9f166818-76ea-4b10-9af7-8a75c5353acb,2025-12-03 20:51:50.065972+00,Groceries,d293575a-98b3-4287-b308-01a4f6299080
c0eb444b-048c-42c2-bb39-c246089027e2,d6d73dbf-279f-4b0c-80c5-6c10699d0820,,2.49,10.00,,5d9596b8-b071-4a2c-b578-76192a3c290e,2025-12-03 20:52:35.26311+00,,d293575a-98b3-4287-b308-01a4f6299080
c15ef9cb-9886-4460-9f1d-27a26247afaf,5847e424-79a0-44a1-b333-ddf38d7d396f,,197.75,50.00,,cd2129d9-2a16-452e-b3f5-e295c1a4c601,2025-12-03 20:51:34.076226+00,,d293575a-98b3-4287-b308-01a4f6299080
c2338ec7-12e9-4ab2-967b-25f4ff885d07,41c08fec-a32a-4d54-8af0-5d3b2cc40ab3,,1.10,30.00,,7a44a6dc-687c-4bc2-8685-d69249f79c72,2025-12-03 20:51:36.371476+00,,d293575a-98b3-4287-b308-01a4f6299080
c2bb22aa-c71c-47d0-97b6-177e7ac3f86e,8a82d828-7769-4f9c-ae4a-ddf012d833e8,,197.75,50.00,,cd2129d9-2a16-452e-b3f5-e295c1a4c601,2025-12-03 20:52:41.247378+00,,d293575a-98b3-4287-b308-01a4f6299080
c3ae1ecf-709f-44a2-a684-8e77a3eaafb9,e86a2512-c445-4271-87a6-44b382855a57,,2.26,100.00,,306a669c-6bd9-4b68-b7a1-7598dc3e5785,2025-12-04 14:26:22.795856+00,,d293575a-98b3-4287-b308-01a4f6299080
c4440b59-3a9d-4acc-85c7-4b8859f4f96b,a3eb71e5-780e-4cdc-91e4-b59a4ab32918,,11.41,20.00,,7a44a6dc-687c-4bc2-8685-d69249f79c72,2025-12-03 20:52:17.181985+00,Household Groceries,d293575a-98b3-4287-b308-01a4f6299080
c5d53bf2-b5f1-409f-a6a0-6087b3c90bb4,cb062f92-8048-4b53-a756-1af54e16ba35,,10.10,10.00,,d8bc9a20-9f03-4cc8-8d33-3a12bcd04362,2025-12-03 20:52:08.291449+00,,d293575a-98b3-4287-b308-01a4f6299080
c6c4d089-f575-4d98-8c79-f5056af70ef4,cd75d9ae-91c8-45a6-8a49-78a101392681,,8.51,20.00,,7a44a6dc-687c-4bc2-8685-d69249f79c72,2025-12-03 20:52:33.943515+00,Household Groceries,d293575a-98b3-4287-b308-01a4f6299080
c834c742-0041-4d89-b8a7-ca0a5aac251e,141674c2-69d5-427d-ae94-4b64dd278e00,,2.47,10.00,,5d9596b8-b071-4a2c-b578-76192a3c290e,2025-12-03 20:51:52.554753+00,,d293575a-98b3-4287-b308-01a4f6299080
c909084b-4fe9-4a36-bffb-46d110d32a02,56899479-c436-4a29-9896-2ab8f5b31625,,39.65,100.00,,306a669c-6bd9-4b68-b7a1-7598dc3e5785,2025-11-26 16:53:36.078007+00,household items,d293575a-98b3-4287-b308-01a4f6299080
c9537507-c420-4ae0-a89c-95e6f29e843b,d14e9730-8951-4067-a8e0-590aa812e764,,14.99,30.00,,7a44a6dc-687c-4bc2-8685-d69249f79c72,2025-12-03 20:52:26.65927+00,,d293575a-98b3-4287-b308-01a4f6299080
cac04ae0-c631-4135-a90a-51c9ca22bd3f,df2e4162-adfc-4c6b-9ee5-022beaac87da,,51.16,80.00,,9f166818-76ea-4b10-9af7-8a75c5353acb,2025-12-03 20:52:36.851534+00,Groceries,d293575a-98b3-4287-b308-01a4f6299080
cb7487cb-b5f6-46e3-876b-b97dc0562a2a,12b99fa9-6b91-4528-9233-be1a2b748c20,,6.00,10.00,,5d9596b8-b071-4a2c-b578-76192a3c290e,2025-12-03 20:51:50.972216+00,,d293575a-98b3-4287-b308-01a4f6299080
cca3723a-a330-404a-99f6-dd123a88579e,47c25646-01d3-4297-a12e-d8a652efc8f5,,13.65,10.00,,d8bc9a20-9f03-4cc8-8d33-3a12bcd04362,2025-12-03 20:51:44.523742+00,,d293575a-98b3-4287-b308-01a4f6299080
cd011451-2a82-4c38-af48-95368dd2d319,250dab55-d7ad-4aea-a961-9b3e71c188d8,,22.58,80.00,,9f166818-76ea-4b10-9af7-8a75c5353acb,2025-12-03 20:52:07.018608+00,Groceries,d293575a-98b3-4287-b308-01a4f6299080
cd8ce9e8-bd76-43ef-88cd-5259bb4496d5,ff6eec9b-e4ec-4b78-abaa-9acc0d4695bd,,8.11,80.00,,9f166818-76ea-4b10-9af7-8a75c5353acb,2025-12-03 20:52:40.052873+00,Groceries,d293575a-98b3-4287-b308-01a4f6299080
ce0f8560-5aa2-43e4-b772-38d4d8b1e1e2,c3a6cf8d-5450-464b-931d-011368354d17,,75.45,80.00,,9f166818-76ea-4b10-9af7-8a75c5353acb,2025-12-03 20:51:44.997061+00,Groceries,d293575a-98b3-4287-b308-01a4f6299080
ce15672f-7433-4819-b74f-dc477ddd9396,cccdc5b7-9ea9-46f3-be20-dcf1a6dfe237,,15.15,80.00,,9f166818-76ea-4b10-9af7-8a75c5353acb,2025-12-03 20:51:38.46653+00,Groceries,d293575a-98b3-4287-b308-01a4f6299080
cfa7ec93-4088-4f44-94d4-8b4ecbba7e5c,428ed52e-6357-4e61-b92e-f883885516f5,,52.27,80.00,,9f166818-76ea-4b10-9af7-8a75c5353acb,2025-12-03 20:52:32.335673+00,Groceries,d293575a-98b3-4287-b308-01a4f6299080
cfc61997-88be-451a-98fb-62651e28cbd0,d7743e0c-6a6b-48ca-9294-e55a8a7456c4,,13.56,30.00,,7a44a6dc-687c-4bc2-8685-d69249f79c72,2025-12-03 20:52:20.68159+00,,d293575a-98b3-4287-b308-01a4f6299080
d0006c13-fad3-4aa8-81c1-94cd4a70d63e,531ca2e6-7f71-4648-81bb-e60206aa98ba,,54.24,10.00,,5d9596b8-b071-4a2c-b578-76192a3c290e,2025-12-03 20:52:14.480688+00,,d293575a-98b3-4287-b308-01a4f6299080
d11abe58-c990-48fe-8b36-0760b3e9927e,32314e71-2564-41cf-a9dd-36c1621169a7,,3.79,20.00,,7a44a6dc-687c-4bc2-8685-d69249f79c72,2025-12-03 20:51:39.059315+00,Household Groceries,d293575a-98b3-4287-b308-01a4f6299080
d19c878f-337b-483e-967f-43776bda86f6,8a82d828-7769-4f9c-ae4a-ddf012d833e8,,39.55,10.00,,d8bc9a20-9f03-4cc8-8d33-3a12bcd04362,2025-12-03 20:52:41.400555+00,,d293575a-98b3-4287-b308-01a4f6299080
d33ebb10-de72-43e1-b75d-97110dab2e52,ab5ed0b3-7f59-46af-b5fd-38f73014b930,,28.69,30.00,,7a44a6dc-687c-4bc2-8685-d69249f79c72,2025-12-03 20:52:11.379637+00,,d293575a-98b3-4287-b308-01a4f6299080
d464faec-86bd-47a6-8bce-69bf73dc11b0,8886a26b-f61f-4c1a-ae92-5af107f4ea29,,5.41,20.00,,7a44a6dc-687c-4bc2-8685-d69249f79c72,2025-12-03 20:52:08.918551+00,Household Groceries,d293575a-98b3-4287-b308-01a4f6299080
d470a3ad-b007-4323-9711-44337b71fd36,c1f51674-e062-46a0-9727-6ba0f775a744,,0.37,10.00,,5d9596b8-b071-4a2c-b578-76192a3c290e,2025-12-03 20:52:36.016415+00,,d293575a-98b3-4287-b308-01a4f6299080
d4ea46ec-6fb8-43b0-89d2-b39555d0425b,8eb88822-01ea-4493-8752-f276ff140e23,,28.85,80.00,,9f166818-76ea-4b10-9af7-8a75c5353acb,2025-12-03 20:51:59.63108+00,Groceries,d293575a-98b3-4287-b308-01a4f6299080
d5366506-9be8-4442-8009-b8fd2e088e43,a655396a-b1b0-48ed-96b3-353cc884d180,,24.58,80.00,,9f166818-76ea-4b10-9af7-8a75c5353acb,2025-12-03 20:37:31.672116+00,groceries,d293575a-98b3-4287-b308-01a4f6299080
d5745f92-5a25-497b-ad46-e5b34aa8bf71,6758d272-ad6a-4486-b01b-f9f31fc0d1a1,,8.99,20.00,,7a44a6dc-687c-4bc2-8685-d69249f79c72,2025-12-03 20:51:59.185648+00,Household Groceries,d293575a-98b3-4287-b308-01a4f6299080
d5bf391f-40d2-4b3a-8ebd-0a6002855f01,6d2a3418-e7ed-4040-a42b-c06e2f878629,,16.10,100.00,,306a669c-6bd9-4b68-b7a1-7598dc3e5785,2025-12-04 14:26:11.213897+00,,d293575a-98b3-4287-b308-01a4f6299080
d5cca98e-9dad-42dd-b056-cf895e29e310,c82a7480-e5bc-4db7-aa00-0f60a3738eed,,3.37,20.00,,7a44a6dc-687c-4bc2-8685-d69249f79c72,2025-12-03 20:51:45.629013+00,Household Groceries,d293575a-98b3-4287-b308-01a4f6299080
d7735205-e090-43bc-b5d4-49d73e077609,922330bb-fd9f-4457-aa3b-49c97349e289,,54.24,10.00,,d8bc9a20-9f03-4cc8-8d33-3a12bcd04362,2025-12-03 20:52:17.798756+00,,d293575a-98b3-4287-b308-01a4f6299080
d806d524-0af3-4d38-bd7d-b590d69b183c,c2263a95-9869-447c-8d5e-5859b5a0db85,,77.42,100.00,,306a669c-6bd9-4b68-b7a1-7598dc3e5785,2025-12-03 20:51:57.605364+00,household items,d293575a-98b3-4287-b308-01a4f6299080
d8176f91-f058-4c60-bfcf-1af290d485cf,cdb934d5-eabc-43f0-8fd4-3eb7866c481e,,14.89,20.00,,7a44a6dc-687c-4bc2-8685-d69249f79c72,2025-12-03 20:52:13.232233+00,Household Groceries,d293575a-98b3-4287-b308-01a4f6299080
d86b8fc8-3b9d-4130-a06a-2b7a067a8063,4764b166-7ae9-4719-a41f-585ffc97db64,,36.28,10.00,,d8bc9a20-9f03-4cc8-8d33-3a12bcd04362,2025-12-03 20:52:24.328073+00,,d293575a-98b3-4287-b308-01a4f6299080
d8e40106-e5ea-4375-9fd9-3d5eeb95ab10,141674c2-69d5-427d-ae94-4b64dd278e00,,2.47,10.00,,d8bc9a20-9f03-4cc8-8d33-3a12bcd04362,2025-12-03 20:51:52.401361+00,,d293575a-98b3-4287-b308-01a4f6299080
d9920314-dbfc-4502-8821-f00197cbb0fc,cf9af6c6-b3c7-47dc-a403-7ca8d2dd33b5,,9.85,20.00,,7a44a6dc-687c-4bc2-8685-d69249f79c72,2025-12-03 20:51:51.408356+00,Household Groceries,d293575a-98b3-4287-b308-01a4f6299080
db7aac8e-d2f6-4f6f-8ffd-03127a48d09f,f6327c86-be24-433e-ab91-6799934cd970,,20.66,20.00,,7a44a6dc-687c-4bc2-8685-d69249f79c72,2025-12-03 20:51:43.928861+00,Household Groceries,d293575a-98b3-4287-b308-01a4f6299080
dbb5330f-db7d-44e3-a97f-bc7adc67c54e,b26dfeaf-82d0-4b9e-be1b-30fd2ea3faeb,,9.04,20.00,,7a44a6dc-687c-4bc2-8685-d69249f79c72,2025-12-03 20:52:00.47958+00,Household Groceries,d293575a-98b3-4287-b308-01a4f6299080
dc8b5bd0-da58-4e31-a12f-c1fb2d03eeaa,23369795-0ffd-48aa-860a-65330ff46747,,12.47,80.00,,9f166818-76ea-4b10-9af7-8a75c5353acb,2025-12-03 20:32:24.168771+00,Groceries,d293575a-98b3-4287-b308-01a4f6299080
dc8d7364-a195-459b-9d1d-c90f30f99a43,a7b8e697-d967-4e0c-842e-9d2660110c77,,14.69,10.00,,5d9596b8-b071-4a2c-b578-76192a3c290e,2025-12-03 20:51:49.313435+00,,d293575a-98b3-4287-b308-01a4f6299080
dd064420-dfe8-4877-acfa-9c7ea8f85bb5,15b200ee-8c99-4f48-a15d-a3d046e73f87,,46.10,10.00,,5d9596b8-b071-4a2c-b578-76192a3c290e,2025-12-03 20:52:19.488119+00,,d293575a-98b3-4287-b308-01a4f6299080
dda44201-c987-43bf-90e1-ad00ffefe533,d1fbe1bb-628f-4fd2-8409-3903555915cb,,21.84,20.00,,7a44a6dc-687c-4bc2-8685-d69249f79c72,2025-12-03 20:52:42.85786+00,Household Groceries,d293575a-98b3-4287-b308-01a4f6299080
dde9ac19-cec1-4f7c-a0a1-c3f3924d7307,404504e3-33a5-4eba-aaeb-08d6a6f178b8,,70.10,80.00,,9f166818-76ea-4b10-9af7-8a75c5353acb,2025-12-03 20:52:39.080451+00,Groceries,d293575a-98b3-4287-b308-01a4f6299080
dea5557c-577a-4370-9ebe-b93632120e30,53daa494-d56d-4436-905f-d96fc81f1e6c,,3.98,80.00,,9f166818-76ea-4b10-9af7-8a75c5353acb,2025-12-03 20:52:25.412654+00,Groceries,d293575a-98b3-4287-b308-01a4f6299080
ded11f1e-e1ee-4134-887a-ecc3e743d9ba,12b99fa9-6b91-4528-9233-be1a2b748c20,,6.00,10.00,,d8bc9a20-9f03-4cc8-8d33-3a12bcd04362,2025-12-03 20:51:50.84272+00,,d293575a-98b3-4287-b308-01a4f6299080
dee044ae-af8d-4448-b68f-454f37b5e3ca,5cbf0c08-4448-4372-b660-1966900ab358,,7.45,20.00,,7a44a6dc-687c-4bc2-8685-d69249f79c72,2025-12-03 20:52:01.598575+00,Household Groceries,d293575a-98b3-4287-b308-01a4f6299080
e0b9074f-5695-42e5-91c4-5fcaab62841f,ac767160-3dfe-4d1e-b466-419af4acd07f,,6.34,80.00,,9f166818-76ea-4b10-9af7-8a75c5353acb,2025-12-03 20:52:22.446492+00,Groceries,d293575a-98b3-4287-b308-01a4f6299080
e1a11178-97bb-4841-b2e4-21e7b2170709,08105421-0d16-4ae6-8f5d-2865c57b3adc,,22.60,50.00,,cd2129d9-2a16-452e-b3f5-e295c1a4c601,2025-12-03 20:51:55.994667+00,,d293575a-98b3-4287-b308-01a4f6299080
e21865fa-1548-4884-8921-23d120832cd1,31ca43e7-1bdf-4ccf-9b08-138bcc0968fa,,14.19,80.00,,9f166818-76ea-4b10-9af7-8a75c5353acb,2025-12-03 20:51:42.351127+00,Groceries,d293575a-98b3-4287-b308-01a4f6299080
e3246cd4-6b20-40f7-bd22-8fb73374458d,2dd56b9c-77fc-4c02-83c6-7c2a917e1b66,,0.00,100.00,,306a669c-6bd9-4b68-b7a1-7598dc3e5785,2025-12-03 20:32:23.499529+00,household items,d293575a-98b3-4287-b308-01a4f6299080
e328b119-d7ca-4f7b-bae2-6474b0b6d806,9605e119-f194-4076-b0d0-ac80121612c6,,13.02,80.00,,9f166818-76ea-4b10-9af7-8a75c5353acb,2025-12-03 20:51:42.821944+00,Groceries,d293575a-98b3-4287-b308-01a4f6299080
e432e6d3-5a3d-4586-a1e2-a356403d0629,428ed52e-6357-4e61-b92e-f883885516f5,,13.07,20.00,,7a44a6dc-687c-4bc2-8685-d69249f79c72,2025-12-03 20:52:32.477572+00,Household Groceries,d293575a-98b3-4287-b308-01a4f6299080
e43fd6ae-b8dc-455a-8313-dd0ad63cc005,704bfeef-dfde-4bca-bd39-7916083fa7a7,,61.36,80.00,,9f166818-76ea-4b10-9af7-8a75c5353acb,2025-12-03 20:51:46.885644+00,Groceries,d293575a-98b3-4287-b308-01a4f6299080
e4f5c430-b6e1-4389-959d-a246a400340b,11158e80-8e71-45d1-9fde-291ea0906866,,7.99,20.00,,7a44a6dc-687c-4bc2-8685-d69249f79c72,2025-12-03 20:51:56.83067+00,Household Groceries,d293575a-98b3-4287-b308-01a4f6299080
e52d4a15-a509-4139-9535-1eb78ce1b8ff,1cda1154-0801-4ca4-99ed-ff4f04869028,,30.02,80.00,,9f166818-76ea-4b10-9af7-8a75c5353acb,2025-12-03 20:52:39.582228+00,Groceries,d293575a-98b3-4287-b308-01a4f6299080
e833e7dc-3abd-432b-b565-ae8df3bf614c,ec7d7c83-3381-4f44-8357-a1a50367dcb1,,130.39,80.00,,9f166818-76ea-4b10-9af7-8a75c5353acb,2025-12-03 20:51:46.371192+00,Groceries,d293575a-98b3-4287-b308-01a4f6299080
e9edb840-4f2f-4e7a-bb9f-8576461d83d2,b3f0d5bc-8bca-4213-87ff-47c22939ff8b,,7.46,10.00,,5d9596b8-b071-4a2c-b578-76192a3c290e,2025-12-03 20:52:28.039159+00,,d293575a-98b3-4287-b308-01a4f6299080
eb0b3d54-a65e-469b-8531-fe964d55f524,1d85fb9d-54c1-4a18-8f83-c666452b245c,,16.35,20.00,,7a44a6dc-687c-4bc2-8685-d69249f79c72,2025-12-03 20:51:49.756414+00,Household Groceries,d293575a-98b3-4287-b308-01a4f6299080
ebe8293b-941b-491c-9a22-0b6ae14be50f,a407edfc-bcd7-4717-97be-29711f4f7377,,199.22,80.00,,9f166818-76ea-4b10-9af7-8a75c5353acb,2025-12-03 20:52:16.592401+00,Groceries,d293575a-98b3-4287-b308-01a4f6299080
ece79ebc-1939-4854-bfe2-51720ed9251c,b3f0d5bc-8bca-4213-87ff-47c22939ff8b,,37.28,50.00,,cd2129d9-2a16-452e-b3f5-e295c1a4c601,2025-12-03 20:52:27.710285+00,,d293575a-98b3-4287-b308-01a4f6299080
ed3dffaa-3884-4a58-af47-18536ccd84a1,93c1da89-177a-47f5-aae9-1479ec4b694e,,23.42,80.00,,9f166818-76ea-4b10-9af7-8a75c5353acb,2025-12-03 20:51:58.487636+00,Groceries,d293575a-98b3-4287-b308-01a4f6299080
ed58eeca-86a0-490f-b767-e61253f68269,91bc4ec6-48a7-4b34-82cf-1e938d5ff8c0,,21.70,20.00,,7a44a6dc-687c-4bc2-8685-d69249f79c72,2025-12-03 20:52:25.049585+00,Household Groceries,d293575a-98b3-4287-b308-01a4f6299080
ed5ced24-20a5-475e-a18e-ddb228944d4b,c03fc368-6e27-4291-9e5e-db264d2f7a42,,35.09,80.00,,9f166818-76ea-4b10-9af7-8a75c5353acb,2025-12-03 20:52:06.544296+00,Groceries,d293575a-98b3-4287-b308-01a4f6299080
ee3295b3-1383-41dd-bdaa-890a3b152c25,b84e0b7a-6583-4df3-8339-61319119294e,,5.89,20.00,,7a44a6dc-687c-4bc2-8685-d69249f79c72,2025-12-03 20:51:54.776865+00,Household Groceries,d293575a-98b3-4287-b308-01a4f6299080
ee45616d-65ba-4e42-a417-a614717d9c6f,d6d73dbf-279f-4b0c-80c5-6c10699d0820,,7.46,30.00,,7a44a6dc-687c-4bc2-8685-d69249f79c72,2025-12-03 20:52:34.805476+00,,d293575a-98b3-4287-b308-01a4f6299080
eea4c49c-63b6-42ab-a495-f5e4ea289d93,47c25646-01d3-4297-a12e-d8a652efc8f5,,40.94,30.00,,7a44a6dc-687c-4bc2-8685-d69249f79c72,2025-12-03 20:51:44.254646+00,,d293575a-98b3-4287-b308-01a4f6299080
eefb6fcb-75cf-4fdd-99d9-f769b8445a51,7af2d100-111f-4c25-b707-79ff45469947,,36.50,50.00,,cd2129d9-2a16-452e-b3f5-e295c1a4c601,2025-12-03 20:52:29.582099+00,,d293575a-98b3-4287-b308-01a4f6299080
f0810634-b8f6-4d48-bb6e-403d7721f03a,12b99fa9-6b91-4528-9233-be1a2b748c20,,29.99,50.00,,cd2129d9-2a16-452e-b3f5-e295c1a4c601,2025-12-03 20:51:50.72612+00,,d293575a-98b3-4287-b308-01a4f6299080
f3239502-40e0-4564-87f3-cb3dc2216fec,526e3915-79b7-4298-bfba-c9317b249419,,65.08,10.00,,d8bc9a20-9f03-4cc8-8d33-3a12bcd04362,2025-12-03 20:52:15.215202+00,,d293575a-98b3-4287-b308-01a4f6299080
f3d5835b-b0fb-4d15-bdcc-93cae7f35448,dbd05bc5-3c86-43f7-bd6d-cd7dcee9f3be,,26.91,100.00,,306a669c-6bd9-4b68-b7a1-7598dc3e5785,2025-12-04 14:26:03.292268+00,,d293575a-98b3-4287-b308-01a4f6299080
f4ccf7eb-e6fe-4d73-89cb-7cda97af22b9,922330bb-fd9f-4457-aa3b-49c97349e289,,54.24,10.00,,5d9596b8-b071-4a2c-b578-76192a3c290e,2025-12-03 20:52:17.956531+00,,d293575a-98b3-4287-b308-01a4f6299080
f4df3f7c-085b-4bc6-ac50-3e4b84d7c782,3bd6f830-54af-49e1-9646-c8634bcf8ff0,,2.94,10.00,,5d9596b8-b071-4a2c-b578-76192a3c290e,2025-12-03 20:51:32.630112+00,,d293575a-98b3-4287-b308-01a4f6299080
f592f174-c1cb-45e5-a2dc-233cf02567ab,c03fc368-6e27-4291-9e5e-db264d2f7a42,,8.77,20.00,,7a44a6dc-687c-4bc2-8685-d69249f79c72,2025-12-03 20:52:06.713615+00,Household Groceries,d293575a-98b3-4287-b308-01a4f6299080
f67afe02-4de4-4fd2-bdd3-b57220750dd4,c1f51674-e062-46a0-9727-6ba0f775a744,,1.10,30.00,,7a44a6dc-687c-4bc2-8685-d69249f79c72,2025-12-03 20:52:35.590657+00,,d293575a-98b3-4287-b308-01a4f6299080
f702e6c9-bf1c-431e-a56f-100b774d281a,8ec5dfce-1328-4c38-a307-3bf8d1e67066,,167.83,80.00,,9f166818-76ea-4b10-9af7-8a75c5353acb,2025-12-03 20:52:10.347914+00,Groceries,d293575a-98b3-4287-b308-01a4f6299080
f71c0998-76cb-4c08-ba80-15f1c6f94678,5b7d12d0-5532-478f-9eed-95197c6d743a,,95.50,100.00,,306a669c-6bd9-4b68-b7a1-7598dc3e5785,2025-12-03 20:52:28.382492+00,household items,d293575a-98b3-4287-b308-01a4f6299080
f78a3db0-5b49-4309-b29b-8005952f5678,9e5fd8a4-1f5b-4adc-89ee-e9b218947744,,7.01,100.00,,306a669c-6bd9-4b68-b7a1-7598dc3e5785,2025-12-04 14:26:07.089673+00,,d293575a-98b3-4287-b308-01a4f6299080
f7ef803e-2933-4237-9f2b-f9d6c2b71fd0,54e90671-7059-4d46-b17d-2c2700b63dda,,13.56,30.00,,7a44a6dc-687c-4bc2-8685-d69249f79c72,2025-12-03 20:52:30.18838+00,,d293575a-98b3-4287-b308-01a4f6299080
f88cf7b0-ffa3-47cf-a526-17dd873eb628,41c08fec-a32a-4d54-8af0-5d3b2cc40ab3,,0.37,10.00,,5d9596b8-b071-4a2c-b578-76192a3c290e,2025-12-03 20:51:36.80007+00,,d293575a-98b3-4287-b308-01a4f6299080
f946063f-0fc6-42d6-abc1-1ca999070c0c,94d632a1-9c52-4ec8-ba36-74154e46d7bd,,4.41,10.00,,d8bc9a20-9f03-4cc8-8d33-3a12bcd04362,2025-12-03 20:52:16.058052+00,,d293575a-98b3-4287-b308-01a4f6299080
fb1142f9-0a75-4487-98af-b849073ed880,7760a619-8bef-4df4-8e15-6a4cd0244617,,21.60,10.00,,d8bc9a20-9f03-4cc8-8d33-3a12bcd04362,2025-12-03 20:51:31.633464+00,,d293575a-98b3-4287-b308-01a4f6299080
fc12da72-310a-4383-a7ca-40f87c2970a9,3a6815b7-f9a7-46e7-9e51-c6787496cef3,,11.25,100.00,,306a669c-6bd9-4b68-b7a1-7598dc3e5785,2025-12-03 21:01:34.930973+00,,d293575a-98b3-4287-b308-01a4f6299080
fc58deee-ba9f-475f-8603-549474c1b9da,c3a6cf8d-5450-464b-931d-011368354d17,,18.86,20.00,,7a44a6dc-687c-4bc2-8685-d69249f79c72,2025-12-03 20:51:45.132875+00,Household Groceries,d293575a-98b3-4287-b308-01a4f6299080
fd6931ea-c909-455a-b80b-c168ee4e64c2,c82a7480-e5bc-4db7-aa00-0f60a3738eed,,13.46,80.00,,9f166818-76ea-4b10-9af7-8a75c5353acb,2025-12-03 20:51:45.495167+00,Groceries,d293575a-98b3-4287-b308-01a4f6299080
fe00d43b-1806-44f8-9078-d54a2e14cfc4,4f9ed648-e3eb-4177-8c98-8601b579d702,,1.13,20.00,,7a44a6dc-687c-4bc2-8685-d69249f79c72,2025-12-03 20:52:31.080582+00,Household Groceries,d293575a-98b3-4287-b308-01a4f6299080
feb58cee-8763-4b7b-aeeb-401d00f2b24b,2f2356a7-a75a-4bf3-b9ee-c2b0712635ea,,9.04,10.00,,d8bc9a20-9f03-4cc8-8d33-3a12bcd04362,2025-12-03 20:51:55.438177+00,,d293575a-98b3-4287-b308-01a4f6299080